room_w,room_h,sofa_w,sofa_h,table_w,table_h,chair_w,chair_h,sofa_x,sofa_y,table_x,table_y,chair_x,chair_y
7.8,8.4,2.8,1.6,1.4,1.8,0.8,1.1,5.0,3.5728085773364544,3.2,3.3000000000000003,3.2,1.7000000000000002
9.2,6.9,1.1,2.3,1.7,1.9,0.7,1.2,8.1,2.4954818443193933,3.7499999999999996,2.5,5.949999999999999,2.5
8.7,8.0,2.5,1.4,1.3,1.8,1.2,0.6,5.358664392543133,6.6,3.6999999999999997,3.1,2.0,3.1
7.3,7.5,1.7,1.0,1.5,1.0,1.5,0.9,0.06852635221978609,0.0,2.9,3.25,4.9,3.25
8.1,8.3,2.2,1.2,1.7,1.8,0.8,1.1,1.1922760978995817,7.1000000000000005,3.1999999999999997,3.2500000000000004,3.1999999999999997,1.6500000000000004
5.2,7.8,1.9,2.2,1.3,1.6,0.7,1.1,0.0,5.505878145412213,1.9500000000000002,3.0999999999999996,1.9500000000000002,5.199999999999999
7.1,9.7,1.1,1.5,1.8,1.6,1.5,1.2,5.627102185445751,8.2,2.65,4.05,0.6499999999999999,4.05
9.8,6.3,1.4,1.1,1.5,1.5,1.5,0.5,0.0,0.15612699357388043,4.15,2.4,2.1500000000000004,2.4
5.4,8.0,2.9,2.4,1.3,1.0,1.2,0.5,2.172803544463102,5.6,2.0500000000000003,3.5,2.0500000000000003,2.5
8.3,8.2,2.0,1.6,1.8,1.2,1.0,1.1,0.0,0.7149806573545322,3.2500000000000004,3.4999999999999996,1.7500000000000004,3.4999999999999996
6.6,6.4,2.9,1.5,1.4,1.5,1.2,1.1,0.028692547054437408,0.0,2.5999999999999996,2.45,4.5,2.45
9.9,7.7,2.4,1.2,1.8,1.2,0.9,1.0,1.6349208343530586,0.0,4.05,3.25,6.35,3.25
8.2,8.2,1.6,1.4,1.4,1.4,1.0,0.7,0.0,1.2327366258291896,3.3999999999999995,3.3999999999999995,1.8999999999999995,3.3999999999999995
8.4,8.5,2.4,2.5,1.8,1.8,1.4,1.3,4.479005898022187,0.0,3.3000000000000003,3.35,5.6000000000000005,3.35
6.4,8.0,1.7,1.6,1.7,1.2,1.0,1.2,4.7,1.3140960367336278,2.35,3.4,2.35,1.7000000000000002
5.7,9.2,1.2,2.0,1.4,1.9,1.4,1.4,4.323206227770928,0.0,2.1500000000000004,3.6499999999999995,2.1500000000000004,1.7499999999999996
7.3,6.3,1.2,1.4,1.8,1.5,1.1,1.5,6.1,3.4202610908890883,2.75,2.4,1.15,2.4
6.0,10.0,2.8,1.6,1.2,1.8,1.0,0.9,3.2,5.2521528722149515,2.4,4.1,4.1,4.1
6.1,7.5,1.4,2.3,1.9,1.4,1.3,0.6,0.0,4.851951032039291,2.0999999999999996,3.05,0.2999999999999996,3.05
6.9,7.9,1.2,2.0,1.7,1.3,0.9,1.4,2.806433488765753,5.9,2.6,3.3000000000000003,2.6,1.4000000000000004
7.0,5.1,2.9,1.0,1.8,1.9,0.8,0.9,2.009704230179878,0.0,2.6,1.5999999999999999,2.6,0.19999999999999984
5.0,6.2,2.8,2.9,1.1,1.1,1.5,0.6,2.2,0.7947544919861278,1.95,2.55,1.95,4.15
5.9,5.7,2.6,1.7,1.5,1.0,0.5,1.4,3.3000000000000003,2.116022273799643,2.2,2.35,2.2,0.4500000000000002
7.7,7.4,1.1,1.1,1.1,1.2,1.0,0.8,6.6,3.205988322174945,3.3,3.1,1.7999999999999998,3.1
6.9,5.1,2.3,2.6,1.6,1.0,1.0,1.5,1.5134400141687574,2.4999999999999996,2.6500000000000004,2.05,4.75,2.05
9.7,7.8,1.1,1.1,1.9,1.4,1.3,0.9,8.6,5.840006043166428,3.8999999999999995,3.2,3.8999999999999995,5.1
7.2,9.3,1.0,2.2,1.1,1.9,0.5,1.4,0.0,5.130420460420581,3.05,3.7,3.05,6.1
5.7,8.0,2.1,2.5,1.8,1.9,0.9,0.9,2.6182272857614155,0.0,1.9500000000000002,3.05,0.5500000000000003,3.05
6.4,6.0,2.6,1.1,1.6,1.5,1.1,1.2,3.8000000000000003,0.35645641642924203,2.4000000000000004,2.25,4.5,2.25
8.1,7.2,3.0,1.4,1.3,1.6,1.5,1.3,0.0,5.04040282683555,3.4,2.8,5.2,2.8
6.8,5.2,2.3,2.7,1.0,1.8,1.3,0.7,4.120804363012808,0.0,2.9,1.7000000000000002,2.9,4.0
6.4,5.4,1.4,2.0,1.5,2.0,1.2,0.8,5.0,1.7337342256660482,2.45,1.7000000000000002,4.45,1.7000000000000002
8.1,9.5,2.9,2.9,1.1,1.6,0.8,0.9,1.1205070380195092,6.6,3.5,3.95,3.5,6.050000000000001
7.0,7.9,2.1,2.7,1.6,1.5,1.5,1.0,3.446777378459306,5.2,2.7,3.2,2.7,5.2
9.3,9.3,2.4,1.2,1.4,1.5,0.7,1.3,1.6603113646551146,8.100000000000001,3.95,3.9000000000000004,3.95,5.9
6.9,9.1,1.6,2.8,1.1,1.6,0.9,1.0,5.300000000000001,4.918023596952921,2.9000000000000004,3.75,2.9000000000000004,5.85
5.1,7.7,1.3,2.5,1.5,1.4,1.1,0.6,0.0,3.3127055238633925,1.7999999999999998,3.1500000000000004,1.7999999999999998,5.050000000000001
5.2,6.2,2.9,1.8,1.2,1.1,1.2,1.4,0.0,3.5172407446944067,2.0,2.55,2.0,4.15
5.2,5.9,1.4,2.4,1.3,1.0,1.2,0.7,2.575932258963143,3.5000000000000004,1.9500000000000002,2.45,1.9500000000000002,1.2500000000000002
5.2,8.1,2.2,1.1,1.6,1.9,0.8,1.1,0.05607955445838275,0.0,1.8,3.0999999999999996,3.9000000000000004,3.0999999999999996
5.0,6.9,2.6,1.7,1.4,1.8,0.7,1.4,1.5003305211266253,5.2,1.8,2.5500000000000003,0.6000000000000001,2.5500000000000003
7.8,7.9,2.2,1.6,1.4,1.9,1.0,1.2,5.6,3.1572659605290117,3.2,3.0,3.2,1.3
9.4,9.7,1.9,2.9,1.1,1.8,1.3,1.4,3.6598142886600846,0.0,4.15,3.9499999999999997,5.75,3.9499999999999997
9.6,5.0,1.1,2.3,1.3,1.2,1.0,1.3,3.302193630626845,2.7,4.1499999999999995,1.9,2.6499999999999995,1.9
8.2,8.6,1.5,1.3,1.0,1.4,0.5,0.8,5.315260658072515,7.3,3.5999999999999996,3.5999999999999996,3.5999999999999996,2.3
9.2,7.5,2.3,2.4,1.8,1.0,1.3,1.1,6.8999999999999995,3.788040604251797,3.6999999999999997,3.25,1.8999999999999995,3.25
9.1,8.1,2.1,2.4,2.0,1.9,0.7,1.1,1.0620010560720314,5.699999999999999,3.55,3.0999999999999996,3.55,1.4999999999999996
7.4,9.5,2.6,3.0,1.0,1.9,1.4,0.6,1.865024953663546,0.0,3.2,3.8,4.7,3.8
7.5,9.3,2.2,2.5,1.7,1.5,1.1,1.2,1.4785777084548677,6.800000000000001,2.9,3.9000000000000004,1.2999999999999998,3.9000000000000004
5.1,7.1,2.0,1.8,1.0,1.7,0.5,1.3,3.0999999999999996,4.58308269700155,2.05,2.6999999999999997,1.0499999999999998,2.6999999999999997
8.6,6.2,2.5,1.3,1.8,1.6,0.8,1.2,6.1,0.6747409212749619,3.4,2.3,5.7,2.3
8.8,5.4,1.9,1.0,1.0,1.3,0.6,1.0,5.559010228942262,4.4,3.9000000000000004,2.0500000000000003,3.9000000000000004,0.5500000000000003
6.8,5.5,1.7,2.6,1.5,1.5,0.8,1.4,5.1,0.848440463257029,2.65,2.0,4.65,2.0
7.4,9.4,2.0,1.7,1.9,1.4,0.6,1.3,4.673054095985682,7.7,2.75,4.0,1.65,4.0
5.5,6.5,1.4,1.8,1.3,1.7,0.7,1.5,4.1,3.198174476827665,2.1,2.4,3.9000000000000004,2.4
9.5,7.0,1.7,1.8,1.2,1.2,1.2,1.0,7.8,2.207008702906156,4.15,2.9,4.15,1.4
9.8,6.7,2.1,1.7,1.2,1.8,0.9,0.7,6.969908036353272,5.0,4.300000000000001,2.45,4.300000000000001,4.75
5.1,6.7,2.8,1.8,1.5,1.8,1.0,1.3,2.3,1.176738755167239,1.7999999999999998,2.45,1.7999999999999998,0.6500000000000001
5.1,6.8,2.9,3.0,1.8,1.4,0.7,1.3,2.1999999999999997,2.8652874427160016,1.65,2.7,3.95,2.7
6.8,7.0,2.3,2.1,1.2,1.4,0.9,1.0,0.0,4.819661776617612,2.8,2.8,2.8,1.2999999999999998
7.5,9.7,2.5,2.5,1.2,1.3,1.1,0.9,5.0,2.2103899828157236,3.15,4.199999999999999,1.5499999999999998,4.199999999999999
6.3,6.1,2.6,1.9,1.7,1.8,0.7,0.9,0.8707383696274266,4.199999999999999,2.3,2.15,1.0999999999999999,2.15
9.8,7.5,1.9,3.0,1.7,1.8,1.0,0.8,2.2144617748876505,0.0,4.050000000000001,2.85,6.250000000000001,2.85
9.5,7.7,1.1,1.9,1.2,1.5,1.2,1.5,0.9010143009904391,0.0,4.15,3.1,5.8500000000000005,3.1
7.5,7.8,2.7,2.6,1.4,1.6,1.4,1.4,0.0,3.528523018609965,3.05,3.0999999999999996,3.05,5.199999999999999
7.6,8.2,1.9,2.0,1.1,1.7,1.3,1.5,0.0795417345535611,6.199999999999999,3.25,3.2499999999999996,1.45,3.2499999999999996
9.3,5.2,2.2,2.2,1.8,1.6,1.0,0.6,0.37752799507794405,0.0,3.7500000000000004,1.8,6.050000000000001,1.8
7.9,9.0,1.6,1.8,1.1,1.2,1.1,1.0,4.329804072091167,0.0,3.4000000000000004,3.9,1.8000000000000003,3.9
6.1,5.6,1.4,2.2,1.0,1.8,1.5,0.5,0.7097088366538595,3.3999999999999995,2.55,1.9,4.05,1.9
8.8,5.2,1.6,2.8,1.6,1.9,1.5,1.3,7.200000000000001,1.1518187533190607,3.6000000000000005,1.6500000000000001,5.700000000000001,1.6500000000000001
7.9,5.1,1.3,2.8,1.3,1.4,1.0,1.4,2.581596309374727,0.0,3.3000000000000003,1.8499999999999999,1.8000000000000003,1.8499999999999999
7.0,9.2,1.7,1.5,1.8,1.2,0.6,1.2,0.0,1.270252222305795,2.6,3.9999999999999996,2.6,5.699999999999999
10.0,8.0,1.9,2.2,1.2,1.9,1.4,1.0,0.0,0.9962707193525168,4.4,3.05,6.1000000000000005,3.05
5.9,5.1,3.0,2.3,1.4,1.3,1.1,0.8,0.4065874218898995,0.0,2.25,1.9,2.25,0.5999999999999999
5.8,5.1,1.5,1.7,1.9,1.0,1.2,0.6,3.30720813324987,0.0,1.95,2.05,0.25,2.05
7.0,9.9,1.7,2.2,1.4,1.4,1.0,1.0,1.842500919325144,7.7,2.8,4.25,1.2999999999999998,4.25
8.6,7.8,1.0,1.7,1.9,1.8,0.9,1.4,7.6,1.4745851640940517,3.3499999999999996,3.0,5.75,3.0
8.2,6.5,2.6,1.9,1.9,1.8,0.8,1.3,4.311814984835186,4.6,3.1499999999999995,2.35,1.8499999999999996,2.35
6.2,9.5,2.7,1.8,1.7,2.0,0.8,0.6,0.0,2.7884136534390445,2.25,3.75,4.45,3.75
5.7,6.0,2.6,1.0,2.0,1.2,1.2,1.2,3.1,3.7369182324172625,1.85,2.4,4.35,2.4
9.9,5.4,1.4,2.0,1.1,1.2,1.5,1.4,0.9584299974271355,3.4000000000000004,4.4,2.1,4.4,0.20000000000000018
7.6,7.1,2.1,2.2,1.7,1.7,0.7,0.8,0.0,1.822371030439824,2.9499999999999997,2.6999999999999997,2.9499999999999997,1.3999999999999997
9.0,9.4,1.3,2.1,1.1,1.2,0.8,1.0,7.7,2.7443786430719745,3.95,4.1000000000000005,3.95,2.6000000000000005
5.8,5.4,2.0,1.9,1.6,2.0,1.2,0.6,3.8,2.667933403928955,2.0999999999999996,1.7000000000000002,2.0999999999999996,0.6000000000000001
8.4,5.5,1.1,2.0,1.6,1.2,1.1,0.8,0.0,3.425687699359126,3.4000000000000004,2.15,5.5,2.15
7.8,9.9,2.5,2.4,1.2,1.7,0.8,1.2,0.04207986735952509,0.0,3.3,4.1000000000000005,3.3,2.4000000000000004
9.4,7.5,1.0,2.8,1.1,1.3,1.2,1.1,0.0,0.7845050345819259,4.15,3.1,2.45,3.1
8.3,6.6,1.8,1.0,1.6,1.5,0.6,0.7,0.5906578929767611,5.6,3.3500000000000005,2.55,2.2500000000000004,2.55
7.0,9.7,1.2,1.2,1.4,1.4,1.4,0.8,5.8,0.6433841631143291,2.8,4.1499999999999995,2.8,2.8499999999999996
8.9,5.0,1.1,2.2,1.2,1.9,0.6,0.7,7.800000000000001,0.1676391102760789,3.85,1.55,3.85,3.95
9.9,6.8,2.7,2.4,1.5,1.0,1.1,1.5,7.2,0.3410868340411139,4.2,2.9,4.2,0.8999999999999999
8.3,7.6,2.3,2.0,1.6,1.3,0.9,0.9,6.000000000000001,2.415725960907937,3.3500000000000005,3.15,3.3500000000000005,1.75
8.5,8.1,1.4,1.3,1.9,1.7,0.6,1.4,7.1,0.6294894167035764,3.3,3.1999999999999997,3.3,5.3999999999999995
7.8,6.6,1.3,2.8,1.0,1.8,0.9,1.0,6.444477812790107,3.8,3.4,2.4,2.0,2.4
10.0,6.0,1.5,1.8,1.0,1.2,0.7,1.1,0.0,3.9728921574247327,4.5,2.4,4.5,0.7999999999999998
8.2,7.6,1.1,2.9,1.1,1.8,1.5,1.4,0.32513981139886444,0.0,3.55,2.9,3.55,5.2
7.6,7.0,2.7,2.9,1.5,1.2,1.0,1.0,3.472195228537015,4.1,3.05,2.9,3.05,4.6
5.5,8.2,2.5,2.8,1.6,1.6,1.2,0.8,3.0,4.576414447277501,1.95,3.3,1.95,2.0
6.9,5.5,1.1,1.9,1.6,1.2,1.1,1.5,0.0,0.7750351395714391,2.6500000000000004,2.15,1.0500000000000003,2.15
5.2,7.0,2.4,2.5,1.4,1.1,1.1,1.1,1.8785186128009017,0.0,1.9000000000000001,2.95,1.9000000000000001,4.550000000000001
9.0,8.1,2.8,2.7,1.6,1.6,0.5,1.1,3.160743246945295,0.0,3.7,3.25,3.7,5.35
7.0,5.4,2.2,1.7,1.1,1.1,0.9,0.8,4.412554637935913,0.0,2.95,2.1500000000000004,2.95,0.8500000000000003
9.0,5.3,1.4,2.8,1.5,1.9,0.5,1.2,4.4229790550218375,2.5,3.75,1.7,3.75,0.0
5.2,7.3,2.0,1.4,1.5,1.6,0.9,0.7,0.5515231196036589,5.9,1.85,2.8499999999999996,1.85,4.949999999999999
6.5,6.0,1.2,1.4,1.9,1.8,1.4,0.9,1.5479970214816783,4.6,2.3,2.1,2.3,0.7000000000000002
7.7,7.4,3.0,2.2,2.0,1.3,1.1,0.7,0.0,2.8898188033490064,2.85,3.0500000000000003,2.85,4.8500000000000005
5.1,7.6,1.3,1.1,1.4,1.8,1.2,0.7,1.9345061759853406,0.0,1.8499999999999999,2.9,3.75,2.9
9.7,6.9,1.9,1.3,1.6,1.0,0.6,0.8,2.3817493712153204,0.0,4.05,2.95,2.9499999999999997,2.95
6.4,7.6,1.5,1.6,1.7,1.8,1.4,0.8,3.188743514597654,0.0,2.35,2.9,2.35,1.5999999999999996
7.3,8.6,2.5,2.1,1.2,1.5,1.2,1.3,4.8,5.966267361471096,3.05,3.55,4.75,3.55
6.7,5.7,1.8,2.1,1.4,1.2,0.6,1.5,4.9,1.0366926742846307,2.6500000000000004,2.25,2.6500000000000004,3.95
6.2,6.8,2.0,2.0,1.3,1.2,0.8,1.1,3.8856976283022893,4.8,2.45,2.8,1.1500000000000001,2.8
9.2,8.4,1.4,1.5,1.2,1.4,1.3,0.9,3.9460648207026816,6.9,3.9999999999999996,3.5,2.1999999999999993,3.5
5.7,5.3,1.6,2.2,1.7,1.1,1.3,0.7,2.0996624519128178,0.0,2.0,2.0999999999999996,4.2,2.0999999999999996
9.2,5.9,1.1,2.9,2.0,1.1,1.3,0.8,8.1,0.6635078961768937,3.5999999999999996,2.4000000000000004,3.5999999999999996,4.0
9.0,5.3,1.4,1.1,1.5,1.1,1.0,1.5,5.933022651492006,0.0,3.75,2.0999999999999996,2.25,2.0999999999999996
8.7,6.4,2.7,2.8,1.4,1.3,1.3,0.7,0.0,2.459736775192999,3.6499999999999995,2.5500000000000003,1.8499999999999996,2.5500000000000003
9.5,8.0,2.4,1.9,1.2,1.5,1.5,1.0,0.26350943775121505,6.1,4.15,3.25,5.8500000000000005,3.25
5.0,9.6,2.0,1.0,1.6,1.5,0.8,0.8,1.6314074678486374,0.0,1.7,4.05,0.3999999999999999,4.05
7.1,8.9,1.3,2.3,1.6,1.7,1.4,0.7,2.6842159389391798,6.6000000000000005,2.75,3.6,2.75,2.4000000000000004
9.2,7.1,2.5,2.2,1.4,1.4,0.6,0.8,5.641283499596678,0.0,3.8999999999999995,2.8499999999999996,5.799999999999999,2.8499999999999996
7.2,6.2,1.8,2.8,1.3,1.9,1.1,1.1,5.4,2.4723777442911126,2.95,2.1500000000000004,4.75,2.1500000000000004
9.0,9.4,1.0,1.8,1.2,1.2,1.1,0.5,8.0,7.15148186770239,3.9,4.1000000000000005,3.9,3.1000000000000005
6.6,5.6,2.2,2.8,1.8,1.0,1.4,0.9,3.6509755675745432,2.8,2.4,2.3,0.5,2.3
6.2,8.4,2.2,1.6,1.5,1.8,0.7,1.5,4.0,5.691261535651351,2.35,3.3000000000000003,2.35,5.6000000000000005
9.2,8.0,1.5,2.8,2.0,1.6,1.2,1.5,0.38566064566364944,5.2,3.5999999999999996,3.2,6.1,3.2
7.8,6.4,2.7,1.6,1.9,1.5,1.3,0.7,0.04054898982514776,4.800000000000001,2.95,2.45,2.95,4.45
6.5,9.8,2.5,2.1,1.6,1.3,0.7,0.9,0.0,0.9369227677629747,2.45,4.25,1.2500000000000002,4.25
6.4,7.0,1.2,2.0,2.0,1.7,1.2,0.5,0.0,0.8608232610092803,2.2,2.65,2.2,1.65
7.3,8.6,3.0,1.7,1.0,1.4,1.2,1.2,4.3,1.6019526208886135,3.15,3.5999999999999996,4.65,3.5999999999999996
7.0,7.2,1.7,1.6,1.5,1.1,1.1,1.1,4.099232538019298,0.0,2.75,3.05,2.75,4.65
6.8,6.2,2.8,2.8,1.3,1.6,0.6,1.1,1.9422393873520676,3.4000000000000004,2.75,2.3,2.75,4.4
6.2,10.0,1.6,2.7,1.2,1.0,1.3,1.3,3.2339704005634973,0.0,2.5,4.5,2.5,6.0
5.1,5.6,2.9,1.3,2.0,2.0,1.2,0.5,2.1999999999999997,3.1227677251238997,1.5499999999999998,1.7999999999999998,1.5499999999999998,4.3
7.3,8.0,2.3,1.3,1.7,1.9,0.8,0.8,1.4855662147473252,6.7,2.8,3.05,2.8,5.449999999999999
6.1,8.3,1.3,1.2,1.8,1.5,1.5,1.3,4.8,1.310979795269886,2.15,3.4000000000000004,4.45,3.4000000000000004
6.9,9.1,1.9,2.9,1.7,1.3,1.4,1.2,0.0,5.001654153197804,2.6,3.9,4.8,3.9
8.9,7.8,2.3,2.1,1.4,1.2,0.8,0.7,0.014111615708965531,0.0,3.75,3.3,3.75,5.0
7.0,7.3,2.1,1.5,1.6,1.7,0.7,0.7,1.4557196314370087,5.8,2.7,2.8,4.800000000000001,2.8
7.1,9.2,1.3,1.1,1.2,1.7,0.9,1.2,1.6649690010160567,8.1,2.9499999999999997,3.7499999999999996,2.9499999999999997,5.949999999999999
6.3,8.4,1.5,2.8,1.0,1.1,1.2,1.4,4.8,1.0749764988535606,2.65,3.6500000000000004,4.15,3.6500000000000004
7.5,8.8,1.7,1.5,1.5,1.3,0.7,1.4,5.8,5.19998888341119,3.0,3.7500000000000004,1.7999999999999998,3.7500000000000004
6.7,9.5,2.7,1.3,1.4,1.1,0.8,1.2,0.0,6.387000063967939,2.6500000000000004,4.2,4.550000000000001,4.2
8.1,5.3,1.0,1.8,1.9,1.7,0.9,0.6,0.1896558490237223,3.5,3.0999999999999996,1.7999999999999998,3.0999999999999996,0.6999999999999997
6.7,8.3,2.3,2.1,1.5,1.1,1.4,1.0,0.0,5.34465255192215,2.6,3.6000000000000005,4.6,3.6000000000000005
9.2,9.0,1.1,2.3,1.6,1.5,1.4,1.2,6.405342666367523,6.7,3.8,3.75,3.8,5.75
5.0,7.7,2.9,2.9,2.0,1.2,0.9,1.0,0.10190653245919674,4.800000000000001,1.5,3.25,4.0,3.25
7.4,7.9,2.1,1.6,1.7,2.0,0.6,1.0,5.300000000000001,4.428261351681963,2.85,2.95,2.85,1.4500000000000002
8.9,6.3,1.8,2.2,2.0,1.4,0.7,0.7,2.5998482384206265,4.1,3.45,2.45,3.45,1.2500000000000002
9.7,7.1,1.3,1.4,1.6,1.5,0.5,1.5,4.6580608626749305,5.699999999999999,4.05,2.8,3.05,2.8
5.2,7.1,1.3,1.3,1.7,2.0,0.9,1.2,0.0,0.5110958619140653,1.75,2.55,1.75,0.8499999999999999
7.3,9.0,2.6,2.6,1.2,1.8,1.0,1.3,2.643140160270093,0.0,3.05,3.6,4.75,3.6
8.1,6.8,1.8,1.2,1.8,1.9,1.2,1.0,0.0,0.5331790091113597,3.15,2.45,3.15,4.85
6.5,9.2,1.8,1.6,1.5,1.5,1.1,0.9,0.86956141499697,0.0,2.5,3.8499999999999996,0.8999999999999999,3.8499999999999996
5.1,7.0,1.8,2.4,1.1,1.4,0.5,0.7,3.3,3.1122023285779647,1.9999999999999998,2.8,0.9999999999999998,2.8
8.1,6.0,2.4,2.9,1.6,1.4,1.4,1.2,5.699999999999999,0.9495748405828668,3.25,2.3,3.25,0.5999999999999999
6.3,7.1,1.7,2.9,1.7,1.9,1.1,0.9,3.1040644609098305,4.199999999999999,2.3,2.5999999999999996,2.3,1.1999999999999997
5.6,6.6,2.8,1.5,1.6,1.8,1.3,1.3,2.6679360652247577,5.1,1.9999999999999998,2.4,1.9999999999999998,0.5999999999999999
8.3,8.2,2.2,1.7,1.6,1.6,1.1,0.8,3.5192386837306366,6.499999999999999,3.3500000000000005,3.3,1.7500000000000004,3.3
5.6,8.3,1.4,1.7,1.8,1.3,0.6,0.9,1.4964521619834015,6.6000000000000005,1.9,3.5000000000000004,1.9,2.1000000000000005
5.1,7.3,1.1,2.4,1.3,1.2,0.6,1.0,0.0,3.57305008738917,1.9,3.05,1.9,4.75
8.7,9.4,2.9,2.2,1.8,1.6,1.2,0.8,0.0,0.07347779501720542,3.4499999999999997,3.9000000000000004,3.4499999999999997,6.0
9.9,7.2,2.2,2.6,1.0,1.4,0.5,1.2,0.0,1.1623022403420546,4.45,2.9000000000000004,4.45,1.2000000000000004
7.8,6.4,2.4,1.6,1.1,1.7,0.7,1.2,5.4,4.294567573107406,3.3499999999999996,2.35,3.3499999999999996,0.6500000000000001
9.5,7.1,1.3,1.2,1.0,1.8,1.4,0.6,0.18500338020052906,5.8999999999999995,4.25,2.65,4.25,1.5499999999999998
6.7,5.2,2.5,2.2,1.5,1.7,0.5,0.9,0.0,1.8897334160470276,2.6,1.75,2.6,0.35
5.9,8.9,1.2,1.7,1.6,1.1,0.9,1.0,0.0,4.852866100431479,2.1500000000000004,3.9000000000000004,2.1500000000000004,2.4000000000000004
5.2,7.6,1.3,3.0,2.0,1.0,1.4,0.8,2.598941551821323,4.6,1.6,3.3,1.6,4.8
8.2,5.6,1.0,1.1,1.9,1.4,0.6,1.3,0.9903097032321033,4.5,3.1499999999999995,2.0999999999999996,3.1499999999999995,0.2999999999999996
8.9,6.1,1.0,1.2,1.5,1.9,0.6,1.3,0.0,1.8941434458210071,3.7,2.0999999999999996,3.7,4.5
8.4,9.1,1.5,1.6,1.6,1.9,0.6,1.3,2.386861374676647,0.0,3.4000000000000004,3.5999999999999996,2.3000000000000003,3.5999999999999996
6.7,7.0,1.6,1.9,1.3,1.9,0.6,1.3,1.2044721482946887,5.1,2.7,2.55,1.6,2.55
8.0,9.8,1.6,1.2,1.5,1.6,0.8,0.8,1.9290662609512248,0.0,3.25,4.1000000000000005,5.25,4.1000000000000005
7.0,6.0,1.8,1.3,2.0,1.8,0.8,0.5,5.2,1.507482485588864,2.5,2.1,2.5,4.4
8.8,9.1,1.6,2.0,1.8,1.6,0.9,1.2,0.0,5.70294160271586,3.5000000000000004,3.75,5.800000000000001,3.75
8.7,6.9,3.0,1.1,2.0,1.8,0.6,1.2,2.6622237503273487,5.800000000000001,3.3499999999999996,2.5500000000000003,5.85,2.5500000000000003
8.8,9.6,1.9,1.9,1.2,1.7,1.0,0.8,0.0,4.615673377787554,3.8000000000000003,3.9499999999999997,3.8000000000000003,2.6499999999999995
6.5,8.5,1.2,2.6,1.7,1.2,0.7,0.7,2.7358212356716773,0.0,2.4,3.65,2.4,2.45
6.0,7.7,1.0,1.7,2.0,2.0,1.4,0.6,0.0,5.97373438010669,2.0,2.85,2.0,5.35
7.8,8.2,1.6,2.8,1.6,1.6,1.3,1.2,0.0,2.892648637712269,3.0999999999999996,3.3,1.2999999999999996,3.3
7.5,5.3,2.9,1.5,1.4,1.9,0.8,0.6,4.35431118061578,3.8,3.05,1.7,4.949999999999999,1.7
7.0,8.4,1.6,2.4,1.7,1.3,1.2,1.0,0.0,2.496864471170259,2.65,3.5500000000000003,2.65,2.0500000000000003
8.5,5.4,1.1,2.2,2.0,1.8,1.5,0.7,0.0,2.6118512700380947,3.25,1.8000000000000003,5.75,1.8000000000000003
6.3,9.9,2.8,3.0,1.2,1.5,0.7,0.7,1.8280212643335538,6.9,2.55,4.2,2.55,3.0
5.5,7.8,1.3,2.2,1.8,1.5,1.0,1.2,0.1634825560488231,0.0,1.85,3.15,4.15,3.15
8.8,5.7,2.7,2.9,1.4,1.3,0.8,1.0,4.301137543543802,2.8000000000000003,3.7,2.2,2.4000000000000004,2.2
7.0,8.0,2.1,2.2,1.8,1.1,0.6,0.8,0.4430658261682376,5.8,2.6,3.45,2.6,5.050000000000001
10.0,7.5,2.6,1.6,1.5,1.8,0.7,1.4,0.0,0.10256620873304728,4.25,2.85,4.25,0.9500000000000002
7.6,6.5,2.3,2.3,1.9,1.0,0.9,0.6,0.0,0.19049561244788304,2.8499999999999996,2.75,1.4499999999999997,2.75
7.7,5.9,1.4,3.0,1.7,1.7,1.3,1.0,5.6199820418228565,2.9000000000000004,3.0,2.1,3.0,4.3
8.2,9.6,2.5,1.6,1.1,1.9,1.0,1.5,2.573261643921377,0.0,3.55,3.8499999999999996,5.15,3.8499999999999996
9.3,7.9,2.8,2.1,1.2,1.6,1.1,1.3,0.8938603175662974,0.0,4.050000000000001,3.1500000000000004,4.050000000000001,5.25
8.8,8.8,1.4,1.4,1.8,1.6,1.1,1.2,7.4,4.51767459032498,3.5000000000000004,3.6000000000000005,3.5000000000000004,5.700000000000001
8.8,5.4,2.1,1.1,1.5,1.9,0.5,1.1,0.0,3.173732504854024,3.6500000000000004,1.7500000000000002,3.6500000000000004,0.15000000000000013
9.9,9.0,2.4,2.3,1.3,1.0,0.6,1.4,7.5,3.910002860246075,4.3,4.0,4.3,5.5
5.1,6.5,2.9,1.2,2.0,1.4,0.8,0.7,0.043390632367843504,5.3,1.5499999999999998,2.55,1.5499999999999998,4.449999999999999
6.0,5.9,3.0,1.6,1.4,1.2,1.2,1.4,0.0,4.122495461767678,2.3,2.35,2.3,0.4500000000000002
5.6,8.4,1.6,2.6,1.1,1.7,0.9,0.5,0.0,0.6097730004848539,2.25,3.35,2.25,5.55
9.1,9.1,3.0,2.2,2.0,1.5,0.6,0.6,3.908822789430492,0.0,3.55,3.8,3.55,5.8
8.8,5.3,1.1,1.5,1.8,1.4,1.5,0.5,0.0,1.0652260476428164,3.5000000000000004,1.95,3.5000000000000004,3.8499999999999996
8.8,9.5,2.6,2.1,1.7,1.1,1.5,0.6,0.0,6.936554132441332,3.5500000000000003,4.2,1.5500000000000003,4.2
9.1,7.5,2.1,1.8,1.1,1.9,1.0,0.7,0.9774103394232126,5.7,4.0,2.8,2.5,2.8
5.3,10.0,2.0,1.2,2.0,1.2,0.7,1.5,2.4518249240740744,8.8,1.65,4.4,4.15,4.4
6.3,6.3,2.6,1.2,1.5,1.5,1.5,0.6,0.0,3.96189214440804,2.4,2.4,4.4,2.4
7.9,5.7,2.7,1.5,1.4,1.6,0.8,1.2,5.036548011491776,0.0,3.25,2.05,1.9500000000000002,2.05
5.1,9.2,1.3,1.1,1.8,1.1,1.1,0.7,0.6227651413805789,8.1,1.65,4.05,1.65,2.8499999999999996
10.0,8.0,2.4,2.3,1.1,1.9,1.3,0.6,1.8180097440987772,5.7,4.45,3.05,4.45,1.9499999999999997
8.0,7.4,2.1,2.8,1.2,1.0,1.1,0.8,5.6867632885101145,4.6000000000000005,3.4,3.2,3.4,1.9000000000000004
9.5,6.2,2.4,3.0,1.4,1.3,0.7,1.3,0.0,0.7744123233743881,4.05,2.45,2.8499999999999996,2.45
8.9,9.1,3.0,2.6,1.9,1.6,0.6,0.7,5.9,0.618433637899334,3.5,3.75,3.5,5.85
6.2,6.8,1.8,2.1,1.1,1.2,1.3,1.2,1.1222146726189473,0.0,2.55,2.8,2.55,4.5
9.0,6.1,1.2,1.6,1.1,1.4,1.5,1.3,5.18202686637204,4.5,3.95,2.3499999999999996,3.95,4.25
8.1,8.6,2.9,2.6,1.0,1.6,1.0,1.1,0.0,1.0503292261784969,3.55,3.5,3.55,1.9
9.9,7.7,1.7,2.4,1.0,2.0,0.9,0.7,0.0,2.6952616266346463,4.45,2.85,3.0500000000000003,2.85
9.3,5.1,2.4,2.1,1.9,1.2,1.2,1.3,0.0,1.4952113786602297,3.7,1.9499999999999997,2.0,1.9499999999999997
9.4,7.0,1.0,2.3,1.7,1.5,0.5,0.7,7.177347708415653,4.7,3.85,2.75,6.05,2.75
8.4,5.5,1.6,1.6,1.9,1.4,0.8,0.9,6.800000000000001,0.9318254914105846,3.25,2.05,3.25,3.9499999999999997
7.1,9.0,2.4,2.0,1.8,1.6,1.2,0.9,3.8578277675512798,7.0,2.65,3.7,4.95,3.7
5.7,5.2,2.5,1.3,1.5,1.0,0.5,0.6,0.0,3.3143602584956615,2.1,2.1,1.1,2.1
6.7,6.1,1.3,1.2,1.8,1.5,1.3,1.2,4.810277234066894,4.8999999999999995,2.45,2.3,2.45,4.3
7.5,5.6,2.0,2.1,1.3,1.2,0.9,0.8,0.0,3.161304813012087,3.1,2.1999999999999997,4.9,2.1999999999999997
7.8,8.6,2.5,2.4,1.6,1.9,1.4,1.3,1.240454602084207,6.199999999999999,3.0999999999999996,3.3499999999999996,5.199999999999999,3.3499999999999996
7.9,6.3,1.7,2.3,1.2,1.0,1.1,1.1,3.968901922984298,0.0,3.35,2.65,3.35,4.15
10.0,8.1,2.3,1.8,1.9,1.6,1.1,1.4,0.0,5.1995859189406906,4.05,3.25,4.05,1.35
8.6,5.6,2.3,2.7,1.5,2.0,1.0,1.4,5.459825567308201,0.0,3.55,1.7999999999999998,3.55,4.199999999999999
5.3,6.6,1.1,2.5,1.0,1.3,1.2,0.7,0.9225373285769776,0.0,2.15,2.65,2.15,1.45
9.2,8.4,1.2,2.6,1.7,1.2,0.6,1.0,4.606723885329919,5.800000000000001,3.7499999999999996,3.6,3.7499999999999996,2.1
7.3,8.1,1.8,1.3,1.9,1.7,1.0,1.2,0.0,3.467301942875756,2.7,3.1999999999999997,2.7,1.4999999999999998
5.1,6.7,1.2,2.4,1.8,1.4,1.5,0.5,3.8999999999999995,2.7049118830569308,1.65,2.6500000000000004,3.5999999999999996,2.6500000000000004
9.5,8.6,2.9,2.3,1.3,1.3,0.8,0.8,6.6,3.2805121175412353,4.1,3.65,4.1,5.45
10.0,6.6,1.3,2.1,1.8,1.1,1.4,1.4,8.7,4.027897373991072,4.1,2.75,4.1,0.8500000000000001
5.8,6.9,2.4,1.2,1.8,1.1,0.6,1.1,3.4,4.826373242161445,2.0,2.9000000000000004,2.0,1.3000000000000003
8.1,6.7,2.5,2.5,1.6,1.3,1.1,0.8,5.6,2.2265901028198547,3.25,2.7,3.25,4.5
7.0,5.1,1.3,1.8,1.6,1.6,1.0,1.4,5.401909210945778,0.0,2.7,1.7499999999999998,1.2000000000000002,1.7499999999999998
5.2,9.1,2.3,2.8,1.8,1.7,0.8,0.7,0.0,4.430891870432795,1.7000000000000002,3.6999999999999997,4.0,3.6999999999999997
7.1,5.4,1.8,2.0,1.7,1.0,0.8,1.0,1.1120515198577154,0.0,2.6999999999999997,2.2,2.6999999999999997,0.7000000000000002
6.0,9.2,2.6,2.4,1.6,1.4,0.5,0.8,0.2909192649348938,0.0,2.2,3.8999999999999995,1.2000000000000002,3.8999999999999995
5.2,5.6,1.3,2.7,1.0,1.2,0.6,1.3,0.0,2.678723600477759,2.1,2.1999999999999997,1.0,2.1999999999999997
5.2,5.1,2.9,2.5,1.1,1.9,1.1,1.3,2.3000000000000003,2.151774933367138,2.05,1.5999999999999999,0.44999999999999973,1.5999999999999999
8.1,9.1,1.2,2.7,1.8,1.5,1.2,0.7,6.6331193449672075,6.3999999999999995,3.15,3.8,3.15,5.8
6.8,5.1,1.3,1.5,1.5,1.7,1.4,1.3,5.5,0.9892095645702773,2.65,1.6999999999999997,2.65,0.0
6.6,9.5,2.5,1.4,1.7,1.1,1.3,1.1,0.7193710841890768,0.0,2.4499999999999997,4.2,0.6499999999999997,4.2
9.9,5.5,2.1,1.4,1.3,1.1,1.1,1.4,1.3951350894818912,4.1,4.3,2.2,2.6999999999999997,2.2
8.2,6.0,1.2,1.1,1.4,1.8,0.8,1.4,5.187625382215656,0.0,3.3999999999999995,2.1,3.3999999999999995,0.20000000000000018
9.6,7.0,2.1,1.1,1.9,1.8,0.7,0.6,7.452372015644975,5.9,3.8499999999999996,2.6,2.6499999999999995,2.6
8.8,8.5,1.9,1.5,1.1,1.4,0.8,0.7,6.9,6.218255996694114,3.8500000000000005,3.55,3.8500000000000005,5.449999999999999
6.1,9.7,1.5,2.1,2.0,1.5,1.5,1.2,1.1313447111340171,7.6,2.05,4.1,2.05,6.1
6.4,8.2,1.1,2.0,1.1,1.5,1.0,1.0,2.078296725934148,6.199999999999999,2.6500000000000004,3.3499999999999996,1.1500000000000004,3.3499999999999996
7.3,5.9,2.5,1.7,1.8,1.9,0.6,1.3,4.321108507768131,0.0,2.75,2.0,1.65,2.0
6.4,6.7,1.9,1.5,1.9,1.6,0.8,0.8,4.5,0.755575679844383,2.25,2.55,0.95,2.55
5.3,8.0,2.7,1.2,1.4,1.8,0.7,1.3,0.0,0.0003454952602999661,1.95,3.1,0.75,3.1
7.5,8.3,1.5,2.1,1.2,1.8,0.8,1.0,0.0,1.9667960896177468,3.15,3.2500000000000004,4.85,3.2500000000000004
8.1,7.1,2.9,1.1,1.8,1.6,1.0,0.8,4.495329549994327,0.0,3.15,2.75,5.45,2.75
9.8,9.8,1.3,2.3,1.7,1.7,1.1,0.9,8.5,5.659152493053682,4.050000000000001,4.050000000000001,6.250000000000001,4.050000000000001
9.2,9.0,1.3,1.3,1.9,1.4,0.8,0.7,0.0,3.248589600757621,3.6499999999999995,3.8,3.6499999999999995,5.699999999999999
6.8,8.7,2.8,1.1,1.2,1.6,0.8,0.6,0.7690219863701584,0.0,2.8,3.55,4.5,3.55
6.0,6.1,1.0,1.5,2.0,1.7,1.2,1.2,5.0,0.6462141304901657,2.0,2.1999999999999997,4.5,2.1999999999999997
6.0,6.3,2.1,1.4,1.1,1.9,1.2,1.3,3.9,0.667634140953731,2.45,2.2,4.050000000000001,2.2
7.1,5.9,2.6,2.8,1.6,1.5,0.9,1.1,4.5,1.5420993770864546,2.75,2.2,2.75,4.2
5.6,5.6,2.3,2.5,1.0,1.3,1.3,0.6,0.297954240528443,0.0,2.3,2.15,2.3,3.95
9.8,5.7,2.8,1.0,1.9,1.5,1.0,1.3,4.411663337293437,0.0,3.95,2.1,3.95,0.30000000000000004
6.8,8.0,1.2,2.4,1.2,1.4,1.0,0.7,0.25690686451313327,5.6,2.8,3.3,1.2999999999999998,3.3
6.6,8.7,1.3,2.8,1.7,1.5,0.7,1.4,0.5219037337779205,5.8999999999999995,2.4499999999999997,3.5999999999999996,1.2499999999999998,3.5999999999999996
9.4,6.0,2.4,1.1,2.0,1.7,0.9,0.9,6.8153884722037175,0.0,3.7,2.15,3.7,0.75
6.4,8.8,2.1,2.3,1.5,1.9,0.7,1.2,0.0,1.885613964918545,2.45,3.45,2.45,1.75
8.0,8.3,1.8,2.1,1.8,1.7,1.5,0.7,6.2,2.0272079126415306,3.1,3.3000000000000003,5.4,3.3000000000000003
6.1,9.2,1.6,1.1,1.8,1.2,1.3,0.8,4.055705772560179,8.1,2.15,3.9999999999999996,4.45,3.9999999999999996
9.5,5.2,2.2,2.5,1.3,1.3,1.5,0.9,6.308553944341097,2.7,4.1,1.9500000000000002,4.1,0.5500000000000003
8.0,7.8,1.8,2.7,1.3,1.9,0.7,1.3,0.0,1.7133831787770197,3.35,2.95,3.35,5.35
5.7,8.6,2.1,1.1,1.5,1.3,1.0,0.9,0.0,3.0278419259721097,2.1,3.65,0.6000000000000001,3.65
5.8,7.0,1.7,1.2,1.6,1.1,1.3,1.2,4.1,4.585960152617296,2.0999999999999996,2.95,4.199999999999999,2.95
5.8,9.3,1.7,1.7,1.1,1.4,1.5,0.5,3.6292107970928447,7.6000000000000005,2.3499999999999996,3.95,0.34999999999999964,3.95
9.3,8.0,1.5,1.3,1.1,1.1,0.9,1.4,0.0,2.177749136023996,4.1000000000000005,3.45,4.1000000000000005,5.050000000000001
9.5,7.3,2.0,1.0,1.3,1.2,1.4,0.9,0.0,3.271339160951159,4.1,3.05,4.1,4.75
8.4,7.2,2.2,2.7,1.9,1.5,0.8,0.6,0.0,2.764930571667632,3.25,2.85,3.25,1.75
9.3,6.5,1.8,1.5,1.8,1.7,1.3,1.0,7.500000000000001,2.3390062159328395,3.7500000000000004,2.4,3.7500000000000004,0.8999999999999999
5.6,6.0,2.1,2.0,1.4,1.5,0.9,1.3,0.0,0.3490685600200587,2.0999999999999996,2.25,3.9999999999999996,2.25
6.1,9.6,2.1,1.6,1.5,1.7,0.6,1.1,3.0863483459637755,8.0,2.3,3.9499999999999997,2.3,2.3499999999999996
9.0,9.4,2.6,2.8,2.0,1.7,0.7,0.6,4.2730764133183134,0.0,3.5,3.85,6.0,3.85
5.5,5.7,2.7,1.5,1.9,1.8,1.0,0.7,2.116065566144782,0.0,1.8,1.9500000000000002,0.30000000000000004,1.9500000000000002
6.5,6.7,2.9,1.2,1.2,1.0,1.0,0.6,3.6,4.334217118847859,2.65,2.85,2.65,4.35
8.6,5.4,1.3,2.9,1.5,1.3,0.8,0.8,7.3,0.941030857879522,3.55,2.0500000000000003,5.55,2.0500000000000003
9.3,9.1,1.6,1.0,1.5,1.5,0.9,1.3,3.0974513606032437,0.0,3.9000000000000004,3.8,5.9,3.8
7.1,5.8,1.5,2.6,1.3,1.7,0.9,1.3,5.477564965218853,0.0,2.9,2.05,2.9,4.25
8.9,5.4,1.6,1.6,1.0,1.1,1.2,0.8,7.300000000000001,2.9688238415478283,3.95,2.1500000000000004,2.25,2.1500000000000004
8.8,5.1,2.7,1.6,1.4,1.2,1.4,1.0,0.0,1.6930935882900844,3.7,1.9499999999999997,5.6,1.9499999999999997
9.3,9.7,2.6,2.9,1.4,1.3,0.9,1.2,4.214416377882601,6.799999999999999,3.95,4.199999999999999,3.95,5.999999999999999
8.9,9.9,1.7,1.3,1.9,1.8,1.1,1.0,1.3220486340943587,8.6,3.5,4.05,3.5,6.35
6.0,6.5,2.6,1.3,1.2,1.4,1.1,1.0,2.2048043130315778,5.2,2.4,2.55,0.7999999999999998,2.55
9.9,8.4,2.9,1.1,1.1,1.8,1.4,1.1,0.0,0.594132190337102,4.4,3.3000000000000003,4.4,1.7000000000000002
5.9,7.9,2.8,2.6,1.9,2.0,1.2,1.0,1.9448508146938068,5.300000000000001,2.0,2.95,2.0,5.45
5.0,7.5,3.0,1.7,1.0,1.7,1.5,0.6,0.8722625489447586,0.0,2.0,2.9,3.5,2.9
7.3,8.4,2.6,2.1,1.3,1.3,0.7,0.9,0.0,1.9375093922744424,3.0,3.5500000000000003,3.0,5.3500000000000005
5.5,7.3,1.8,1.7,1.2,1.9,1.3,1.2,0.0,1.3992715858576794,2.15,2.7,3.8499999999999996,2.7
7.5,9.6,2.7,2.0,1.4,1.7,0.9,1.0,4.8,1.912690301806707,3.05,3.9499999999999997,3.05,2.4499999999999997
5.3,8.2,1.8,1.5,1.3,1.6,1.1,1.2,0.0,1.1644373706786963,2.0,3.3,3.8,3.3
6.3,5.0,2.0,2.1,1.8,1.8,0.9,1.3,3.255595945501117,2.9,2.25,1.6,4.55,1.6
8.0,6.7,1.6,2.1,1.5,1.2,0.9,1.0,0.0,3.770618976409438,3.25,2.75,3.25,4.45
9.5,7.9,1.1,1.5,1.5,1.8,1.1,0.7,7.001995337705467,6.4,4.0,3.0500000000000003,2.4,3.0500000000000003
8.4,7.7,2.3,2.4,1.3,1.3,1.4,1.4,6.1000000000000005,0.025680792622197593,3.5500000000000003,3.2,3.5500000000000003,5.0
7.2,9.9,2.1,2.9,1.9,1.0,1.0,1.4,5.1,3.515838332976225,2.6500000000000004,4.45,2.6500000000000004,5.95
6.1,5.4,1.9,2.4,2.0,1.3,0.9,1.2,0.0,2.9000608252682993,2.05,2.0500000000000003,2.05,3.8500000000000005
7.9,9.7,2.3,1.7,1.0,1.9,0.6,0.8,5.6000000000000005,4.814898769563415,3.45,3.8999999999999995,4.95,3.8999999999999995
9.3,5.5,1.5,1.7,1.2,1.8,1.2,0.7,0.0,2.7696398687273547,4.050000000000001,1.85,5.750000000000001,1.85
5.1,8.6,3.0,1.5,1.4,1.8,1.2,1.4,0.29458586669840586,7.1,1.8499999999999999,3.4,1.8499999999999999,1.5
8.0,5.1,1.4,1.1,1.0,1.7,0.6,0.5,0.0,0.029616371604994637,3.5,1.6999999999999997,3.5,3.8999999999999995
6.8,8.5,2.2,2.9,1.6,1.7,1.0,0.7,2.3049801904522216,0.0,2.5999999999999996,3.4,2.5999999999999996,5.6
9.0,7.3,1.4,2.1,2.0,1.1,1.4,0.8,0.6312994905685991,0.0,3.5,3.0999999999999996,1.6,3.0999999999999996
8.3,5.5,2.3,2.0,1.1,1.0,0.8,1.0,0.0,1.6429535098950927,3.6000000000000005,2.25,2.3000000000000007,2.25
5.4,6.8,1.1,2.4,2.0,1.4,0.9,1.3,4.300000000000001,0.6851711494304867,1.7000000000000002,2.7,1.7000000000000002,0.9000000000000001
9.1,9.9,2.9,1.6,1.1,1.5,0.5,1.3,6.199999999999999,5.805611494179998,4.0,4.2,4.0,6.2
9.4,5.9,3.0,1.3,1.4,1.2,1.1,1.3,0.0,2.027371638332884,4.0,2.35,4.0,4.05
7.9,8.7,2.1,1.3,1.7,1.9,1.3,0.6,3.3779292326198256,0.0,3.1,3.3999999999999995,3.1,5.799999999999999
7.9,7.3,1.8,2.6,1.7,2.0,1.0,0.6,5.980400279058668,0.0,3.1,2.65,3.1,1.5499999999999998
7.9,7.1,2.6,1.2,1.4,1.7,1.0,1.2,2.105888939409789,5.8999999999999995,3.25,2.6999999999999997,5.15,2.6999999999999997
7.9,6.8,1.0,2.2,1.0,1.0,1.0,0.9,6.9,0.9702683600771256,3.45,2.9,3.45,1.5
6.8,8.2,1.1,1.2,1.9,2.0,1.2,1.0,3.013413763365509,6.999999999999999,2.45,3.0999999999999996,4.85,3.0999999999999996
7.5,7.9,2.4,1.5,1.9,1.3,1.3,0.7,3.554486219258293,0.0,2.8,3.3000000000000003,2.8,2.1000000000000005
8.1,8.2,1.7,1.7,1.2,2.0,1.4,0.6,2.3628890248162993,0.0,3.4499999999999997,3.0999999999999996,3.4499999999999997,1.9999999999999996
9.5,6.8,1.4,1.7,1.2,1.3,0.5,1.4,5.019810412422722,5.1,4.15,2.75,5.8500000000000005,2.75
8.7,7.8,2.5,2.9,2.0,1.4,1.3,0.7,3.3094757875709404,4.9,3.3499999999999996,3.2,5.85,3.2
9.8,5.1,2.8,2.8,2.0,1.8,1.4,1.1,0.0,1.4732051671905715,3.9000000000000004,1.65,3.9000000000000004,3.95
8.1,8.7,1.6,2.3,1.2,1.6,0.9,0.8,0.0,2.504272800890068,3.4499999999999997,3.55,3.4499999999999997,5.65
7.0,8.1,1.7,1.1,1.1,1.5,1.2,0.8,4.353687067754151,7.0,2.95,3.3,2.95,5.3
6.9,9.8,2.0,1.8,1.1,1.0,1.0,0.9,4.9,2.7011932954893405,2.9000000000000004,4.4,4.5,4.4
7.3,9.7,1.1,1.8,1.8,1.5,0.9,0.5,6.199999999999999,5.475095999337034,2.75,4.1,2.75,6.1
8.3,6.8,2.5,2.8,1.4,1.1,1.4,0.9,0.0,3.688920840327485,3.45,2.8499999999999996,3.45,4.449999999999999
6.5,5.8,2.7,2.5,1.1,1.4,0.5,1.3,3.8,1.6657161747405085,2.7,2.2,2.7,0.40000000000000013
8.6,9.3,2.5,2.0,1.3,1.6,1.0,1.0,0.940739378700534,0.0,3.65,3.8500000000000005,3.65,5.950000000000001
7.7,9.3,2.9,2.7,1.9,1.8,1.3,1.3,0.0,1.1992441310402884,2.9000000000000004,3.7500000000000004,5.300000000000001,3.7500000000000004
7.1,7.2,1.0,2.8,2.0,1.3,1.3,1.3,1.7417007630304049,0.0,2.55,2.95,5.05,2.95
9.9,7.5,1.8,2.2,1.9,1.7,0.8,1.3,6.561827582354918,0.0,4.0,2.9,6.4,2.9
9.4,6.2,1.8,1.4,1.0,1.7,1.5,1.4,2.1029602087602437,4.800000000000001,4.2,2.25,4.2,0.3500000000000001
7.2,5.1,1.0,1.8,1.4,1.9,0.6,1.0,4.383533835057585,0.0,2.9000000000000004,1.5999999999999999,2.9000000000000004,4.0
6.1,6.6,1.4,1.9,1.6,1.9,0.7,1.3,0.5776994376015776,0.0,2.25,2.3499999999999996,2.25,4.75
7.6,5.4,1.1,1.5,1.0,1.4,0.7,1.3,0.0,0.42802182637613606,3.3,2.0,3.3,0.19999999999999996
6.9,9.9,2.2,1.9,1.2,1.3,0.9,0.8,0.0,3.463606043936797,2.85,4.3,2.85,6.1
8.7,8.2,1.9,2.1,1.2,1.9,0.8,0.6,0.10891995573805364,6.1,3.7499999999999996,3.1499999999999995,3.7499999999999996,2.0499999999999994
7.9,5.3,1.4,2.9,1.2,1.3,1.1,1.2,5.0262907866623605,2.4,3.35,2.0,5.05,2.0
9.4,8.1,2.1,1.9,1.2,1.4,1.3,0.8,5.941763197913968,0.0,4.1000000000000005,3.3499999999999996,4.1000000000000005,5.25
9.4,9.5,1.1,1.4,1.7,1.5,1.4,0.9,2.176642186706663,0.0,3.85,4.0,6.05,4.0
8.6,7.6,1.5,1.8,1.7,1.2,1.0,1.1,5.494555921524714,5.8,3.4499999999999997,3.1999999999999997,1.9499999999999997,3.1999999999999997
5.2,8.0,2.3,2.1,1.8,1.3,1.3,0.6,0.0,4.250019956825637,1.7000000000000002,3.35,1.7000000000000002,2.25
9.3,10.0,1.5,1.3,1.5,1.6,1.4,1.4,3.375918685717559,0.0,3.9000000000000004,4.2,3.9000000000000004,2.3000000000000003
6.1,6.6,2.3,1.8,1.6,1.0,1.3,0.6,1.9524928328963698,0.0,2.25,2.8,2.25,4.3
8.6,7.6,1.9,2.7,1.7,1.9,1.4,1.4,4.568363901305412,4.8999999999999995,3.4499999999999997,2.8499999999999996,1.5499999999999998,2.8499999999999996
9.4,9.9,1.7,1.6,1.4,1.8,1.2,1.3,6.786764137867354,0.0,4.0,4.05,4.0,2.25
6.9,7.9,1.1,1.0,1.6,1.1,0.5,0.5,0.0,6.634326293279293,2.6500000000000004,3.4000000000000004,2.6500000000000004,5.0
8.1,5.2,1.7,1.0,1.1,1.5,0.9,1.1,6.3999999999999995,0.6916495307043992,3.5,1.85,3.5,3.85
7.7,8.9,1.4,2.8,1.2,1.2,1.1,0.6,6.300000000000001,3.5216492549015115,3.25,3.85,3.25,5.55
5.5,7.2,2.6,2.8,1.9,1.9,1.0,0.6,2.9,0.6460785099721793,1.8,2.6500000000000004,0.30000000000000004,2.6500000000000004
8.2,5.0,3.0,1.9,1.1,1.9,1.3,0.5,5.199999999999999,0.44850160831231767,3.55,1.55,1.75,1.55
8.1,5.8,2.0,2.2,1.6,1.8,0.8,1.2,0.0,0.340480626371995,3.25,2.0,3.25,0.30000000000000004
5.1,7.1,2.7,2.8,1.5,1.6,0.6,0.7,0.0,2.26926043421829,1.7999999999999998,2.75,1.7999999999999998,1.5499999999999998
9.0,7.9,1.6,2.3,1.7,1.5,1.3,0.9,7.4,2.2879451137412827,3.65,3.2,5.85,3.2
8.9,9.3,1.9,1.1,1.8,1.5,1.1,1.0,0.0,2.057476909060665,3.5500000000000003,3.9000000000000004,1.9500000000000002,3.9000000000000004
6.1,9.7,1.1,2.1,2.0,1.1,1.3,1.2,5.0,0.2262930598490185,2.05,4.3,4.55,4.3
5.4,5.7,1.7,1.5,1.3,1.4,1.0,1.1,0.0,3.524422430896987,2.0500000000000003,2.1500000000000004,3.8500000000000005,2.1500000000000004
7.0,9.7,1.5,2.7,1.6,1.4,1.1,0.7,1.6182037415067718,6.999999999999999,2.7,4.1499999999999995,2.7,2.9499999999999993
5.8,7.7,2.7,1.3,2.0,1.3,0.8,0.6,0.0,6.323320911164843,1.9,3.2,4.4,3.2
9.6,6.7,2.2,2.4,1.4,1.8,0.9,0.7,0.008111375803852593,4.300000000000001,4.1,2.45,2.6999999999999997,2.45
9.9,6.2,1.2,2.0,1.9,1.0,1.0,0.6,6.667522862693311,4.2,4.0,2.6,4.0,1.5
5.9,7.6,2.6,1.7,1.5,1.2,1.1,0.9,1.3134944113650961,5.8999999999999995,2.2,3.1999999999999997,2.2,1.7999999999999998
5.1,7.9,2.5,1.4,1.6,1.5,1.0,1.2,0.12705224322587222,0.0,1.7499999999999998,3.2,1.7499999999999998,5.2
9.8,9.9,1.8,1.5,1.7,1.8,1.2,1.3,8.0,4.061636793306191,4.050000000000001,4.05,4.050000000000001,6.35
5.5,8.9,2.9,1.4,2.0,1.3,0.6,1.4,1.0792842609118898,7.5,1.75,3.8000000000000003,1.75,5.6000000000000005
6.9,7.4,2.3,1.9,1.4,1.8,0.7,1.1,0.6217733162498131,5.5,2.75,2.8000000000000003,2.75,5.1000000000000005
7.9,5.5,1.9,1.3,2.0,1.9,1.2,1.0,6.0,3.6944155255699966,2.95,1.8,2.95,4.2
7.6,8.7,2.2,2.3,1.2,1.4,1.4,0.8,1.3716241954993753,0.0,3.1999999999999997,3.6499999999999995,4.8999999999999995,3.6499999999999995
7.9,8.9,2.6,2.8,1.5,1.7,1.5,0.6,2.004156450854838,6.1000000000000005,3.2,3.6,3.2,5.8
6.3,6.9,1.5,2.6,1.3,1.4,0.6,1.0,0.0,0.1569892943984043,2.5,2.75,2.5,1.25
6.1,8.5,2.2,1.5,2.0,2.0,1.0,0.6,0.0,4.711235109889176,2.05,3.25,2.05,2.15
7.3,7.1,1.8,2.6,1.7,1.9,1.3,0.6,5.5,2.138706543153692,2.8,2.5999999999999996,5.0,2.5999999999999996
6.4,6.2,2.0,2.8,1.1,1.7,0.9,1.2,0.0,0.723941895856826,2.6500000000000004,2.25,2.6500000000000004,0.55
8.6,5.1,2.3,1.9,1.9,1.7,0.8,1.4,0.0,3.0954387308637066,3.3499999999999996,1.6999999999999997,2.05,1.6999999999999997
5.1,8.8,1.7,2.6,1.7,2.0,0.6,1.2,1.5378757440722606,0.0,1.6999999999999997,3.4000000000000004,3.8999999999999995,3.4000000000000004
7.7,8.7,1.1,1.6,1.9,1.1,0.5,1.0,4.6566211857010815,0.0,2.9000000000000004,3.8,2.9000000000000004,2.3
9.3,5.9,2.6,2.9,1.2,1.8,1.3,0.7,6.700000000000001,1.652038116930633,4.050000000000001,2.0500000000000003,5.750000000000001,2.0500000000000003
7.1,7.1,2.5,1.6,1.2,1.1,1.5,0.7,4.6,4.0916714177007485,2.9499999999999997,3.0,2.9499999999999997,1.7999999999999998
6.7,10.0,1.5,1.1,1.8,1.6,1.1,1.4,5.2,1.5983103138756791,2.45,4.2,4.75,4.2
7.9,9.1,1.8,1.4,1.7,1.3,1.4,0.8,0.0,5.091933844057939,3.1,3.9,5.3,3.9
5.8,9.4,2.7,1.4,1.9,1.8,1.2,1.2,2.1115082124124425,8.0,1.95,3.8000000000000003,1.95,2.1000000000000005
5.1,9.7,1.6,2.1,1.2,1.4,1.2,0.9,0.0,1.8742656633265524,1.9499999999999997,4.1499999999999995,1.9499999999999997,6.049999999999999
5.2,8.3,2.5,2.8,1.6,2.0,1.4,0.9,0.0,3.6888070677588263,1.8,3.1500000000000004,3.8000000000000003,3.1500000000000004
8.7,7.0,1.6,1.2,1.3,1.4,1.1,0.5,2.166685795420965,0.0,3.6999999999999997,2.8,3.6999999999999997,1.7999999999999998
5.9,9.7,1.4,1.3,1.2,2.0,0.9,1.0,4.092242930135967,0.0,2.35,3.8499999999999996,0.9500000000000002,3.8499999999999996
9.4,6.8,2.9,1.5,1.4,1.9,1.4,0.8,5.858953104386563,0.0,4.0,2.45,4.0,1.1500000000000001
6.5,7.5,1.1,1.5,1.3,1.4,1.2,1.4,0.0,0.8991475016557258,2.6,3.05,4.4,3.05
7.8,8.2,1.7,2.4,2.0,1.0,1.0,1.1,2.168628283082955,5.799999999999999,2.9,3.5999999999999996,2.9,1.9999999999999996
7.0,8.5,2.2,2.4,1.2,1.3,1.0,0.6,0.28290645776112144,6.1,2.9,3.6,2.9,2.5
6.2,5.8,1.0,2.1,1.8,1.5,0.8,1.0,5.2,1.3307931404962194,2.2,2.15,2.2,4.15
7.0,9.4,2.0,2.5,1.8,1.6,1.3,0.6,0.0,2.117124540263061,2.6,3.9000000000000004,0.8,3.9000000000000004
6.2,8.1,1.4,1.0,1.1,1.1,1.5,1.0,4.800000000000001,1.6789251945137156,2.55,3.5,0.5499999999999998,3.5
7.8,5.5,1.5,1.8,1.7,1.5,1.0,1.2,4.762228926353652,0.0,3.05,2.0,3.05,0.30000000000000004
5.1,8.0,3.0,1.6,1.7,1.6,1.0,0.5,2.0999999999999996,5.018796426699784,1.6999999999999997,3.2,1.6999999999999997,5.300000000000001
7.9,7.3,2.0,1.4,1.4,1.3,1.4,0.7,0.4761400802725232,5.9,3.25,3.0,1.35,3.0
5.0,7.7,2.6,3.0,1.5,1.3,0.6,1.3,0.0,2.2882681004024077,1.75,3.2,3.75,3.2
5.5,6.9,2.0,2.1,1.1,1.6,1.3,1.1,3.5,2.1653212341082475,2.2,2.6500000000000004,2.2,1.0500000000000003
8.8,5.9,1.3,1.3,1.9,1.9,1.1,1.5,5.101008748862819,4.6000000000000005,3.45,2.0,5.85,2.0
6.4,9.5,2.8,2.7,1.4,1.2,1.4,1.3,0.664590336429166,6.8,2.5,4.15,0.6000000000000001,4.15
5.9,5.7,1.7,2.8,1.9,1.6,1.2,0.7,4.021893432431651,2.9000000000000004,2.0,2.05,2.0,0.8499999999999999
9.3,9.7,2.3,1.6,1.2,1.9,1.3,0.8,7.000000000000001,8.060391639573632,4.050000000000001,3.8999999999999995,5.750000000000001,3.8999999999999995
5.3,7.5,2.6,1.6,1.9,1.4,1.1,1.2,1.6854891191622097,5.9,1.7,3.05,1.7,1.3499999999999999
8.4,9.1,2.4,2.4,1.3,1.1,0.9,0.7,6.0,3.868553058597278,3.5500000000000003,4.0,5.3500000000000005,4.0
8.3,5.3,1.1,1.5,1.4,1.3,1.3,0.7,7.122141379115165,3.8,3.45,2.0,5.35,2.0
8.8,6.0,2.8,2.4,1.8,1.1,1.1,1.4,6.000000000000001,2.562850474453759,3.5000000000000004,2.45,3.5000000000000004,4.050000000000001
7.2,6.3,2.2,2.3,1.8,1.4,0.9,1.4,5.0,1.9080312153808308,2.7,2.45,2.7,4.35
5.9,6.7,1.6,2.9,1.4,2.0,1.3,1.3,2.735577038501831,3.8000000000000003,2.25,2.35,0.44999999999999996,2.35
6.1,9.8,1.5,2.1,1.0,1.6,1.3,0.6,4.6,1.474132409230326,2.55,4.1000000000000005,0.7499999999999998,4.1000000000000005
9.0,6.3,1.3,1.2,1.1,1.3,1.0,0.9,3.869799800557959,5.1,3.95,2.5,2.45,2.5
10.0,5.2,2.1,2.1,1.4,1.6,1.0,0.9,3.795395427709929,3.1,4.3,1.8,6.199999999999999,1.8
8.0,9.2,1.1,2.2,1.4,1.2,1.4,0.8,6.9,5.89142248467513,3.3,3.9999999999999996,5.199999999999999,3.9999999999999996
7.2,5.2,2.1,2.9,1.7,1.7,1.4,1.3,5.1,1.9552815411841593,2.75,1.75,0.8500000000000001,1.75
8.3,6.5,2.4,2.2,1.6,1.4,1.0,1.2,0.0,3.3056555079098193,3.3500000000000005,2.55,3.3500000000000005,0.8499999999999999
7.5,6.9,1.6,2.9,1.3,1.3,1.3,1.0,5.9,1.4386698202042396,3.1,2.8000000000000003,4.9,2.8000000000000003
9.0,7.0,1.4,2.0,1.1,1.4,0.7,1.4,7.235632496610571,5.0,3.95,2.8,5.550000000000001,2.8
8.0,9.2,2.3,2.4,1.3,1.1,1.2,0.9,4.344010762981222,0.0,3.35,4.05,3.35,5.65
9.8,7.1,2.6,1.7,1.1,1.1,0.8,1.3,7.200000000000001,2.230395125431309,4.3500000000000005,3.0,4.3500000000000005,4.6
9.3,5.2,1.3,1.9,1.2,1.2,1.5,1.1,1.9046505349621388,3.3000000000000003,4.050000000000001,2.0,4.050000000000001,0.3999999999999999
5.2,7.8,2.8,1.4,1.7,2.0,1.0,1.3,0.08425229368795516,6.4,1.75,2.9,1.75,1.0999999999999999
5.6,7.3,2.8,2.3,1.7,1.5,1.0,1.5,1.4883312902425194,5.0,1.9499999999999997,2.9,1.9499999999999997,4.9
9.7,8.0,1.3,2.6,1.3,1.8,0.8,0.8,0.0,3.7378812628068903,4.199999999999999,3.1,4.199999999999999,5.4
5.2,7.4,2.3,1.5,1.8,1.4,1.2,0.7,2.9000000000000004,2.8622674917242485,1.7000000000000002,3.0,4.0,3.0
7.0,5.0,2.5,2.6,1.9,1.8,1.1,1.0,2.232836711880549,0.0,2.55,1.6,2.55,3.9000000000000004
9.5,5.7,1.3,2.7,1.9,1.4,1.2,1.0,0.0,1.1889563382578825,3.8,2.1500000000000004,6.199999999999999,2.1500000000000004
8.4,9.8,2.8,2.6,1.1,1.0,0.7,1.3,0.6836878342215975,0.0,3.6500000000000004,4.4,3.6500000000000004,2.6000000000000005
7.9,6.0,2.7,2.7,1.8,1.5,1.4,0.6,5.2,2.448934979592248,3.0500000000000003,2.25,1.1500000000000004,2.25
6.2,8.2,1.3,1.3,1.6,1.7,1.2,0.5,4.9,1.5596667046196038,2.3,3.2499999999999996,2.3,2.2499999999999996
7.3,9.5,1.8,1.7,1.2,1.9,1.0,1.3,4.220858524144859,7.8,3.05,3.8,3.05,6.199999999999999
9.6,7.3,2.5,1.8,1.2,1.4,1.4,0.7,0.0,2.1847287293451014,4.2,2.95,4.2,1.75
8.2,5.8,2.0,1.3,1.7,2.0,1.3,0.7,2.273938739347681,0.0,3.2499999999999996,1.9,1.4499999999999995,1.9
7.3,9.6,2.0,1.4,1.7,1.9,1.4,1.1,0.5278644495419025,0.0,2.8,3.8499999999999996,2.8,6.25
6.7,8.1,3.0,2.6,1.7,1.4,0.9,0.8,3.7,1.885265192524364,2.5,3.3499999999999996,4.7,3.3499999999999996
6.5,9.0,1.1,2.5,1.7,1.5,0.6,1.0,4.194096423437313,6.5,2.4,3.75,1.2999999999999998,3.75
5.4,8.7,1.7,2.0,1.5,2.0,1.1,0.8,0.4104730992452518,0.0,1.9500000000000002,3.3499999999999996,1.9500000000000002,5.85
5.0,9.0,2.8,2.8,1.8,1.6,1.3,1.1,1.348939533470733,0.0,1.6,3.7,1.6,5.800000000000001
8.9,8.9,2.2,2.4,1.7,1.3,0.9,0.9,6.7,3.0000331264510414,3.6,3.8000000000000003,3.6,5.6000000000000005
5.8,10.0,1.0,2.4,1.5,1.2,1.2,1.0,3.0607349682938687,7.6,2.15,4.4,4.15,4.4
7.4,7.4,1.5,2.4,1.4,1.3,0.6,1.5,5.9,3.254791766452551,3.0,3.0500000000000003,1.9,3.0500000000000003
6.7,5.6,1.4,1.3,1.0,1.3,0.7,0.7,5.300000000000001,2.264887453041674,2.85,2.15,4.35,2.15
6.5,5.6,1.6,1.6,1.5,1.5,0.5,1.0,4.9,1.8682940936493144,2.5,2.05,4.5,2.05
5.9,9.9,1.3,2.4,1.4,1.1,1.3,1.1,1.3758930357011445,7.5,2.25,4.4,2.25,6.0
5.6,8.3,1.2,2.2,1.9,1.3,0.8,1.4,4.3999999999999995,5.553480821341611,1.8499999999999999,3.5000000000000004,1.8499999999999999,5.300000000000001
5.2,7.4,1.4,2.2,2.0,1.7,1.5,1.4,3.030077832829333,5.2,1.6,2.85,3.7,2.85
7.6,6.3,1.8,1.4,1.8,1.7,1.3,1.3,5.45578971437424,4.9,2.9,2.3,2.9,4.5
7.8,6.4,2.2,2.9,1.6,1.7,0.7,1.3,2.5249631099149674,3.5000000000000004,3.0999999999999996,2.35,3.0999999999999996,4.55
9.7,5.3,2.7,1.6,1.6,1.0,0.9,1.4,6.373858659865077,3.6999999999999997,4.05,2.15,4.05,0.25
5.3,9.8,2.1,2.0,1.9,1.2,0.9,0.9,3.1999999999999997,4.379218428095225,1.7,4.300000000000001,4.1,4.300000000000001
5.3,8.4,2.7,2.9,1.5,1.6,0.7,1.4,2.5999999999999996,3.576694333676376,1.9,3.4000000000000004,0.7,3.4000000000000004
6.1,9.8,2.5,2.3,2.0,1.5,1.1,1.2,3.5999999999999996,0.8855884600593026,2.05,4.15,4.55,4.15
7.8,8.3,1.2,2.5,1.5,1.4,1.0,1.2,0.0,4.275395667898106,3.15,3.45,3.15,1.75
5.6,6.2,2.9,2.4,1.1,1.4,0.5,0.7,0.8888556752683228,3.8000000000000003,2.25,2.4000000000000004,2.25,4.300000000000001
7.1,6.9,2.4,2.0,1.9,1.1,1.1,1.0,0.0,3.107951945537344,2.5999999999999996,2.9000000000000004,2.5999999999999996,4.5
7.6,9.9,1.7,1.8,1.9,2.0,1.1,1.1,5.8999999999999995,1.751037570326559,2.8499999999999996,3.95,5.25,3.95
8.1,6.9,2.3,1.3,1.1,1.2,1.0,1.2,5.417812465037287,0.0,3.5,2.85,3.5,4.55
9.0,7.5,1.4,1.1,1.7,1.0,1.4,1.0,7.6,3.7204152840958877,3.65,3.25,3.65,4.75
8.7,6.2,2.2,2.9,1.6,1.4,1.5,1.2,6.499999999999999,1.0815328587628714,3.55,2.4000000000000004,3.55,0.7000000000000004
5.7,6.1,2.0,2.7,1.7,1.6,0.6,1.2,3.7,3.0705878006415994,2.0,2.25,0.8999999999999999,2.25
9.8,8.3,1.2,1.4,1.8,1.2,1.1,1.5,6.526018262157239,6.9,4.0,3.5500000000000003,6.3,3.5500000000000003
7.4,7.9,2.8,1.7,1.5,1.1,0.6,1.4,2.52121110395702,0.0,2.95,3.4000000000000004,2.95,1.5000000000000004
7.1,9.4,2.4,1.2,1.9,1.1,0.8,0.8,0.0,1.1563769994814066,2.5999999999999996,4.15,2.5999999999999996,2.8500000000000005
8.5,7.9,2.7,1.5,1.4,1.8,0.7,1.3,0.6199289665160992,6.4,3.55,3.0500000000000003,5.449999999999999,3.0500000000000003
7.6,6.0,2.1,1.8,1.8,1.7,1.3,1.5,5.5,2.3610085060146755,2.9,2.15,1.0999999999999999,2.15
5.6,9.4,2.8,1.4,1.7,1.7,1.4,0.8,2.1272151175842025,0.0,1.9499999999999997,3.85,1.9499999999999997,2.55
9.5,5.6,1.2,2.2,1.1,1.7,0.9,0.9,0.2325520442275314,0.0,4.2,1.9499999999999997,5.800000000000001,1.9499999999999997
6.2,5.1,1.7,1.3,1.1,1.5,1.4,1.3,0.0,2.586602507323666,2.55,1.7999999999999998,2.55,0.0
7.2,9.0,1.3,1.1,1.8,1.7,1.1,1.5,0.0,6.551944913643736,2.7,3.65,2.7,5.85
9.5,5.8,2.2,2.6,1.5,1.0,0.8,1.1,0.0,1.6140083098829485,4.0,2.4,4.0,3.9
6.7,7.3,2.8,2.8,1.2,1.1,1.0,0.7,0.0,3.4756599792656777,2.75,3.0999999999999996,4.45,3.0999999999999996
8.1,9.0,3.0,2.3,1.9,1.2,0.7,0.5,0.0,1.836861627466539,3.0999999999999996,3.9,1.8999999999999995,3.9
5.5,9.7,1.9,2.2,1.6,1.4,1.1,0.7,3.6,2.8347268852214893,1.95,4.1499999999999995,0.34999999999999987,4.1499999999999995
5.9,8.9,1.3,1.8,1.1,1.2,0.7,1.2,0.0,2.7483929217245557,2.4000000000000004,3.85,2.4000000000000004,2.1500000000000004
5.4,8.7,1.3,2.3,1.0,1.5,1.4,0.9,2.691385578511253,0.0,2.2,3.5999999999999996,2.2,5.6
6.7,6.2,1.4,1.9,1.9,1.8,0.8,1.0,0.0,2.8003831702699324,2.4000000000000004,2.2,2.4000000000000004,0.7000000000000002
7.7,7.7,2.7,2.4,2.0,1.7,0.9,1.1,0.0,0.8268144633691638,2.85,3.0,2.85,1.4
8.6,7.7,2.2,1.9,1.5,1.4,0.9,0.9,5.127236985531579,0.0,3.55,3.1500000000000004,3.55,1.7500000000000004
7.2,5.5,2.2,2.5,1.0,1.2,0.7,1.3,0.0,2.668496100287791,3.1,2.15,1.9000000000000004,2.15
7.0,5.6,1.3,1.1,1.6,1.8,1.3,1.2,5.7,1.347418218291942,2.7,1.9,0.9000000000000001,1.9
6.7,8.9,2.0,2.0,1.4,1.6,1.1,1.5,0.6793465424335076,0.0,2.6500000000000004,3.6500000000000004,4.550000000000001,3.6500000000000004
7.9,9.3,1.2,1.8,1.8,2.0,1.2,1.4,0.0,4.755415730886122,3.0500000000000003,3.6500000000000004,3.0500000000000003,6.15
8.4,9.8,2.5,1.3,1.9,1.1,0.7,1.4,1.1196681710035385,8.5,3.25,4.3500000000000005,3.25,5.950000000000001
5.0,7.7,2.8,2.7,1.2,1.6,0.6,1.1,2.192503373257315,5.0,1.9,3.05,0.7999999999999998,3.05
5.7,7.4,2.6,2.7,1.9,1.4,1.0,1.4,0.061929920416727305,0.0,1.9000000000000001,3.0,4.3,3.0
6.8,8.2,1.9,1.8,1.0,1.8,1.4,1.1,3.5449935174481024,0.0,2.9,3.1999999999999997,4.4,3.1999999999999997
9.2,7.6,2.3,2.3,1.9,1.2,1.4,0.7,2.051188283899302,0.0,3.6499999999999995,3.1999999999999997,3.6499999999999995,2.0
7.3,7.5,2.7,2.8,1.0,1.8,1.2,1.3,0.0,4.015404188330172,3.15,2.85,1.45,2.85
8.2,7.0,2.4,1.5,1.2,1.6,1.0,1.1,5.799999999999999,0.0700672796083035,3.4999999999999996,2.7,3.4999999999999996,1.1
7.4,6.0,2.4,1.9,1.1,1.8,1.2,1.2,5.0,0.7428743267921487,3.1500000000000004,2.1,3.1500000000000004,0.40000000000000013
9.4,7.9,2.4,2.9,1.6,1.9,0.7,0.6,0.0,0.5028555047864919,3.9000000000000004,3.0,3.9000000000000004,5.4
6.7,8.7,1.5,2.6,1.2,1.3,0.8,1.3,5.2,0.569393230305881,2.75,3.6999999999999997,2.75,1.8999999999999995
7.5,8.8,2.5,2.9,1.5,1.4,0.9,0.6,0.5212315590190331,0.0,3.0,3.7,3.0,2.6
8.0,8.3,2.6,2.4,1.0,1.2,0.8,0.5,0.0,4.632904570602056,3.5,3.5500000000000003,3.5,2.5500000000000003
9.2,8.6,1.5,1.4,1.2,1.5,1.3,0.5,4.32154985937667,0.0,3.9999999999999996,3.55,3.9999999999999996,5.55
9.5,8.6,3.0,1.7,1.8,1.2,1.3,1.0,6.5,6.774952405472219,3.85,3.6999999999999997,2.05,3.6999999999999997
6.7,5.6,1.6,1.6,1.7,1.1,0.7,0.5,0.0,3.6319579702436307,2.5,2.25,1.3,2.25
9.2,9.7,1.3,2.3,1.9,1.8,0.7,1.0,4.769588795507402,7.3999999999999995,3.6499999999999995,3.9499999999999997,2.4499999999999993,3.9499999999999997
9.2,9.7,1.9,1.7,1.3,1.6,0.7,1.5,7.299999999999999,7.335553250641475,3.9499999999999997,4.05,5.75,4.05
5.8,7.3,1.1,1.6,1.3,1.6,1.4,0.9,0.6129106950555083,0.0,2.25,2.8499999999999996,2.25,1.4499999999999997
5.1,6.9,1.8,2.9,1.8,1.8,1.1,1.1,1.7582282641927096,0.0,1.65,2.5500000000000003,1.65,0.9500000000000002
8.6,8.8,2.8,1.2,1.8,1.3,0.6,0.7,2.1261055403767903,7.6000000000000005,3.4,3.7500000000000004,5.7,3.7500000000000004
5.8,8.5,3.0,1.2,1.8,1.2,1.1,1.5,0.0,6.360472115760487,2.0,3.65,2.0,5.35
5.2,8.9,2.6,1.6,1.4,1.4,1.5,1.3,2.6,2.476639622383323,1.9000000000000001,3.75,3.7,3.75
9.8,8.4,1.3,1.9,1.7,1.5,0.5,0.9,0.0,3.253938192111288,4.050000000000001,3.45,4.050000000000001,5.45
9.7,9.7,1.3,2.6,1.2,1.9,1.3,0.9,8.399999999999999,0.2278924025266833,4.25,3.8999999999999995,4.25,2.4999999999999996
9.8,7.7,2.2,1.9,1.5,1.6,1.0,0.7,0.368062468254583,0.0,4.15,3.05,4.15,5.15
7.5,8.0,1.4,2.5,1.2,1.5,1.4,1.2,4.10238674846667,0.0,3.15,3.25,3.15,1.5499999999999998
9.6,8.9,2.0,1.5,1.3,1.5,1.1,0.9,2.3041422968290397,0.0,4.1499999999999995,3.7,4.1499999999999995,2.3000000000000003
9.0,5.6,1.5,2.6,1.1,1.6,1.0,0.7,7.5,0.7570517645116469,3.95,1.9999999999999998,5.550000000000001,1.9999999999999998
5.9,7.9,1.2,1.7,1.0,1.8,0.8,1.4,4.243071042807312,0.0,2.45,3.0500000000000003,3.95,3.0500000000000003
6.0,8.8,1.9,1.1,1.1,1.1,0.7,0.7,3.4878275435574677,7.700000000000001,2.45,3.8500000000000005,1.2500000000000002,3.8500000000000005
9.8,8.5,1.7,3.0,1.3,1.9,1.4,0.6,3.166431852934407,5.5,4.25,3.3,2.35,3.3
6.5,8.9,2.0,2.0,1.4,2.0,0.7,0.7,1.4218248238346258,6.9,2.55,3.45,2.55,5.95
8.8,8.9,2.4,1.4,1.2,1.9,0.7,1.4,6.373157268354248,7.5,3.8000000000000003,3.5,3.8000000000000003,1.6
6.2,6.3,1.8,2.6,1.6,1.1,0.8,1.1,0.0,2.945828439156965,2.3,2.5999999999999996,2.3,4.199999999999999
6.4,5.6,2.4,1.8,1.0,1.7,1.2,1.2,0.0,2.080952845167468,2.7,1.9499999999999997,2.7,4.1499999999999995
6.7,9.7,2.0,1.5,1.3,1.9,1.5,0.7,0.0,5.533169622401168,2.7,3.8999999999999995,0.7000000000000002,3.8999999999999995
5.6,9.9,2.2,1.7,1.3,1.9,0.7,1.3,3.3999999999999995,7.822948695359344,2.15,4.0,0.95,4.0
8.6,6.1,3.0,1.9,1.4,1.9,1.3,1.0,5.592292848766186,4.199999999999999,3.5999999999999996,2.0999999999999996,1.7999999999999998,2.0999999999999996
8.4,7.9,2.6,1.9,1.1,1.7,0.7,0.9,1.7539648161555006,0.0,3.6500000000000004,3.1,5.25,3.1
8.2,8.1,1.7,1.3,1.9,1.1,0.8,1.1,0.0,3.134033638792371,3.1499999999999995,3.5,5.549999999999999,3.5
9.3,6.8,1.9,2.9,1.6,1.5,1.1,1.0,0.0,3.6610414076867452,3.8500000000000005,2.65,5.950000000000001,2.65
8.1,6.0,2.9,2.7,1.5,1.0,1.2,0.9,5.199999999999999,1.1423325339232513,3.3,2.5,5.3,2.5
6.9,7.6,1.2,2.5,1.1,2.0,1.3,0.7,5.7,0.2530433095078432,2.9000000000000004,2.8,1.1000000000000003,2.8
6.2,7.5,3.0,2.8,1.4,1.1,1.5,1.4,1.570141706164348,0.0,2.4000000000000004,3.2,2.4000000000000004,1.3000000000000003
5.1,7.8,1.5,1.4,1.6,1.1,0.5,1.2,2.4981121107026074,0.0,1.7499999999999998,3.3499999999999996,0.7499999999999998,3.3499999999999996
6.3,8.5,1.1,2.5,2.0,1.5,1.2,0.6,4.042447503341536,6.0,2.15,3.5,2.15,2.4
5.7,5.8,1.6,2.5,1.6,1.4,1.1,1.5,4.1,1.5949076646431206,2.05,2.2,4.15,2.2
8.9,9.4,2.9,1.7,1.8,1.9,1.1,0.9,6.0,3.889111623870035,3.5500000000000003,3.75,3.5500000000000003,2.35
8.3,5.6,1.2,1.6,1.4,1.2,1.4,1.3,2.3529770031173975,0.0,3.45,2.1999999999999997,1.5500000000000003,2.1999999999999997
7.4,8.5,1.3,1.9,1.0,1.4,0.9,0.6,0.0,2.5244268994614885,3.2,3.55,3.2,2.4499999999999997
9.0,9.7,2.9,1.7,1.9,1.6,0.8,0.9,6.1,0.7481194821980378,3.55,4.05,2.25,4.05
9.5,6.1,2.5,1.1,1.3,1.1,1.3,1.1,2.0268939110819044,0.0,4.1,2.5,2.3,2.5
9.2,10.0,1.3,2.8,1.5,1.3,0.9,1.3,0.7739551448324183,7.2,3.8499999999999996,4.35,2.4499999999999997,4.35
6.4,7.4,1.1,2.2,1.1,1.0,1.2,0.7,0.0,1.8131731982606558,2.6500000000000004,3.2,2.6500000000000004,4.7
7.6,8.2,1.6,2.3,1.2,1.8,1.1,1.3,1.5324206250999117,0.0,3.1999999999999997,3.1999999999999997,3.1999999999999997,5.5
6.6,7.6,2.8,1.2,1.3,1.5,1.1,1.0,1.4661431077140448,0.0,2.65,3.05,2.65,1.5499999999999998
6.6,5.1,2.0,1.1,1.6,1.6,1.2,0.9,4.4094425737616305,0.0,2.5,1.7499999999999998,0.8,1.7499999999999998
7.0,7.4,2.4,1.1,1.0,1.1,1.2,1.5,4.6,3.460081736439427,3.0,3.1500000000000004,1.3,3.1500000000000004
6.2,7.1,2.0,2.3,1.1,1.6,0.9,0.5,0.48730659728218295,0.0,2.55,2.75,2.55,4.85
8.4,8.2,1.2,2.5,1.9,1.4,0.6,1.4,3.357093643383046,5.699999999999999,3.25,3.3999999999999995,5.65,3.3999999999999995
8.9,8.9,1.7,1.5,1.5,2.0,0.8,0.5,7.2,7.178038013467891,3.7,3.45,5.7,3.45
8.4,8.9,1.9,1.9,1.8,1.4,1.5,1.0,5.389819430749936,0.0,3.3000000000000003,3.75,3.3000000000000003,2.25
9.6,5.1,1.2,1.4,1.3,1.1,1.4,0.8,4.690852030456026,0.0,4.1499999999999995,1.9999999999999998,4.1499999999999995,3.5999999999999996
8.9,9.4,2.7,1.5,1.3,1.5,1.5,0.8,6.2,2.2168187337376564,3.8000000000000003,3.95,3.8000000000000003,5.95
7.6,6.2,2.7,3.0,1.0,1.3,1.0,0.9,4.8999999999999995,1.4725809570946105,3.3,2.45,3.3,4.25
7.6,6.9,2.1,1.1,1.5,1.0,1.2,1.5,5.5,4.8767273012532675,3.05,2.95,1.3499999999999999,2.95
7.9,5.1,1.0,2.8,1.9,1.6,0.8,1.4,2.6916414825813058,0.0,3.0,1.7499999999999998,3.0,3.6999999999999997
8.7,5.3,1.1,1.5,1.5,1.1,0.8,0.5,1.8971227050130557,0.0,3.5999999999999996,2.0999999999999996,3.5999999999999996,3.6999999999999997
7.8,8.0,1.7,2.5,1.1,1.8,1.3,0.9,3.833095573235977,0.0,3.3499999999999996,3.1,3.3499999999999996,5.4
6.9,9.7,1.3,1.9,1.2,1.9,1.0,0.5,2.0859752031507033,0.0,2.85,3.8999999999999995,2.85,6.299999999999999
9.7,5.6,1.6,2.6,1.9,1.6,0.8,0.6,5.401818523848888,2.9999999999999996,3.8999999999999995,1.9999999999999998,3.8999999999999995,0.8999999999999999
5.6,5.8,2.0,2.8,1.1,1.8,0.9,0.8,0.8244251759222424,3.0,2.25,2.0,2.25,0.7
5.9,6.4,2.9,1.4,1.3,1.1,0.8,1.2,2.4950283858580344,0.0,2.3000000000000003,2.6500000000000004,4.1000000000000005,2.6500000000000004
5.1,9.3,1.5,1.7,1.6,1.8,1.1,1.4,0.11514291855086028,0.0,1.7499999999999998,3.7500000000000004,0.1499999999999997,3.7500000000000004
8.8,6.3,2.9,2.7,1.4,1.6,1.3,0.5,0.0,1.6132439096375626,3.7,2.3499999999999996,1.9000000000000004,2.3499999999999996
5.0,8.0,2.0,2.6,1.7,1.5,0.6,1.0,2.016482697927483,5.4,1.65,3.25,1.65,5.25
6.3,6.3,2.3,2.9,1.3,1.4,1.0,1.3,3.220678640438335,0.0,2.5,2.45,2.5,0.6500000000000001
6.3,9.3,2.9,2.0,1.9,1.7,0.6,1.0,3.4,4.489888470038058,2.2,3.8000000000000003,2.2,6.0
8.3,5.2,2.6,1.9,2.0,2.0,0.8,0.7,0.0,0.011167652307409438,3.1500000000000004,1.6,1.8500000000000005,1.6
9.7,8.0,2.2,2.8,1.6,1.2,1.1,1.2,2.3622530515528255,5.2,4.05,3.4,4.05,1.7000000000000002
9.5,7.4,2.5,1.7,1.2,1.3,0.8,1.1,0.0,2.870775571750184,4.15,3.0500000000000003,4.15,1.4500000000000002
7.4,5.6,1.4,2.5,1.5,1.7,1.2,1.0,0.0,1.1238736577017558,2.95,1.9499999999999997,2.95,0.44999999999999973
8.3,7.1,1.3,2.3,2.0,1.9,1.4,0.9,4.624482294203929,4.8,3.1500000000000004,2.5999999999999996,1.2500000000000004,2.5999999999999996
5.4,5.6,2.7,2.9,1.6,1.1,1.3,1.1,0.6311678115551488,2.6999999999999997,1.9000000000000001,2.25,0.10000000000000009,2.25
8.8,6.4,2.8,3.0,1.1,1.7,1.2,0.5,4.116790175146412,0.0,3.8500000000000005,2.35,2.1500000000000004,2.35
5.9,7.6,2.2,1.4,1.8,1.5,0.6,0.7,3.7,1.8892687749868171,2.0500000000000003,3.05,0.9500000000000002,3.05
6.8,7.7,2.7,2.8,1.3,1.1,1.5,1.5,4.1,3.689364702847094,2.75,3.3,2.75,4.9
6.6,7.2,2.8,2.1,1.8,1.4,0.7,0.9,3.3650338064864824,5.1,2.4,2.9000000000000004,2.4,4.800000000000001
6.4,8.1,2.2,1.3,1.7,1.1,0.9,1.3,1.4169742456237626,0.0,2.35,3.5,0.9500000000000002,3.5
9.2,6.0,2.5,1.8,1.5,1.5,1.0,1.4,6.699999999999999,0.8185165435001389,3.8499999999999996,2.25,3.8499999999999996,4.25
5.3,9.3,2.5,2.9,1.3,1.6,0.8,1.3,2.8,0.4271585461770926,2.0,3.8500000000000005,0.7,3.8500000000000005
8.8,9.1,1.3,2.6,1.9,1.6,1.0,1.5,7.500000000000001,2.979586445393281,3.45,3.75,5.85,3.75
6.7,6.6,2.1,1.0,1.1,1.9,0.5,1.2,1.7898128185508946,5.6,2.8,2.3499999999999996,4.4,2.3499999999999996
9.1,6.9,1.8,1.2,1.2,1.6,0.6,1.4,7.3,4.216177491360534,3.9499999999999997,2.6500000000000004,5.6499999999999995,2.6500000000000004
5.5,7.6,1.4,2.1,1.8,1.8,1.2,1.3,0.9140650816176328,0.0,1.85,2.9,0.15000000000000013,2.9
9.1,8.7,2.2,2.7,1.7,1.3,1.5,0.7,2.8693429551038214,5.999999999999999,3.6999999999999997,3.6999999999999997,3.6999999999999997,5.5
7.2,9.8,2.0,1.2,1.5,1.1,1.4,1.4,3.79899817002916,0.0,2.85,4.3500000000000005,2.85,5.950000000000001
9.8,7.4,1.5,2.9,1.9,1.4,1.2,0.6,6.775725416232523,0.0,3.95,3.0,6.35,3.0
6.1,6.4,1.3,1.0,1.4,2.0,1.1,1.0,3.2193751856284556,5.4,2.3499999999999996,2.2,2.3499999999999996,0.7000000000000002
8.3,8.5,1.5,2.8,1.6,1.8,1.3,0.9,2.7813195288269523,0.0,3.3500000000000005,3.35,5.450000000000001,3.35
7.5,6.5,2.8,1.9,2.0,1.0,1.3,0.9,4.7,0.6034980631414202,2.75,2.75,2.75,1.35
6.5,9.2,3.0,1.4,1.7,1.4,0.9,1.4,1.667480712330392,7.799999999999999,2.4,3.8999999999999995,2.4,5.799999999999999
6.6,6.5,2.0,1.2,1.3,1.1,0.7,0.5,4.6,3.506591751386522,2.65,2.7,2.65,4.300000000000001
7.5,7.0,1.5,2.9,1.7,1.6,0.8,0.6,0.0,3.827158702350253,2.9,2.7,1.5999999999999996,2.7
6.4,9.9,2.7,1.4,1.6,1.0,0.8,1.0,0.0,0.9594272376603399,2.4000000000000004,4.45,2.4000000000000004,2.95
6.6,9.6,1.8,2.1,1.3,1.4,1.1,1.3,4.8,0.3921566361472395,2.65,4.1,2.65,2.3
6.1,9.9,1.3,2.6,2.0,1.0,1.4,1.3,0.8559105806102929,0.0,2.05,4.45,2.05,2.6500000000000004
9.3,7.5,1.5,1.4,1.8,1.9,1.2,0.9,7.800000000000001,1.199011600145264,3.7500000000000004,2.8,3.7500000000000004,1.4
7.3,7.5,1.7,1.2,1.8,1.4,1.0,0.7,0.48415487425478926,6.3,2.75,3.05,2.75,1.8499999999999996
7.9,9.9,2.1,1.7,1.4,1.7,1.4,0.6,0.0,3.4090084670427743,3.25,4.1000000000000005,5.15,4.1000000000000005
5.6,7.7,1.4,1.5,1.8,1.1,0.9,1.1,0.0,1.3170090333228557,1.9,3.3,1.9,4.9
5.8,7.5,2.6,2.5,1.2,1.2,1.2,0.9,0.007974422255871616,5.0,2.3,3.15,4.0,3.15
6.4,9.3,1.9,2.5,1.7,1.4,1.3,1.3,1.8283364998248648,6.800000000000001,2.35,3.95,0.55,3.95
6.9,6.0,2.7,2.1,1.2,1.4,0.9,0.6,0.0,1.9820938515571378,2.85,2.3,2.85,4.199999999999999
6.7,5.6,2.4,1.0,1.5,1.7,1.3,0.5,4.300000000000001,2.617933862486056,2.6,1.9499999999999997,2.6,0.9499999999999997
8.0,5.4,1.4,2.0,1.0,1.5,0.6,1.3,6.515942224120916,0.0,3.5,1.9500000000000002,3.5,0.15000000000000013
5.7,7.1,1.5,2.8,1.3,1.2,1.2,0.6,3.4502754011198644,4.3,2.2,2.9499999999999997,2.2,4.6499999999999995
8.0,7.1,2.9,2.6,1.9,1.0,0.5,1.3,1.6152623795870857,0.0,3.05,3.05,5.449999999999999,3.05
7.3,5.2,2.4,2.1,1.8,1.9,1.5,1.0,4.9,2.317258266276589,2.75,1.6500000000000001,2.75,4.05
5.8,5.8,1.5,1.2,1.5,2.0,1.0,1.0,4.2544315934085075,0.0,2.15,1.9,0.6499999999999999,1.9
8.2,9.4,1.2,1.7,1.8,1.7,1.4,0.8,0.0,3.810428837623982,3.1999999999999997,3.85,3.1999999999999997,6.05
6.1,7.5,1.2,1.6,1.5,2.0,1.3,1.0,4.8999999999999995,1.921095765444603,2.3,2.75,2.3,5.25
8.3,9.5,2.4,2.8,1.1,1.1,0.7,1.5,0.9522085533079903,6.7,3.6000000000000005,4.2,3.6000000000000005,5.800000000000001
8.3,7.5,2.2,2.8,1.2,1.8,0.8,1.3,6.1000000000000005,3.26568485935777,3.5500000000000003,2.85,3.5500000000000003,5.15
8.4,7.1,1.5,2.9,1.8,1.1,1.0,0.7,6.9,1.384738895550434,3.3000000000000003,3.0,3.3000000000000003,4.6
8.3,6.5,3.0,2.6,1.4,1.8,1.1,0.8,5.300000000000001,1.5704718471504342,3.45,2.35,3.45,4.65
5.0,5.9,1.4,1.9,1.6,1.4,0.7,0.7,3.1662927735179562,0.0,1.7,2.25,1.7,4.15
8.8,9.2,3.0,1.3,1.0,1.8,1.1,0.9,5.800000000000001,4.765331794242115,3.9000000000000004,3.6999999999999997,3.9000000000000004,2.3
9.1,7.1,2.8,2.1,1.3,1.6,1.4,1.0,0.0,2.5317899585846346,3.9,2.75,2.0,2.75
7.7,7.8,1.8,2.6,1.2,1.7,0.7,0.9,5.9,2.666043239294714,3.25,3.05,3.25,5.25
5.1,7.1,1.6,2.2,1.0,1.8,0.6,0.9,3.2781963190165584,0.0,2.05,2.65,0.9499999999999997,2.65
6.1,7.0,1.6,2.2,1.4,1.6,0.5,1.0,4.040702005399408,0.0,2.3499999999999996,2.7,4.25,2.7
6.8,9.9,2.7,1.4,1.4,1.2,1.4,0.8,2.492434982095421,8.5,2.7,4.3500000000000005,2.7,3.0500000000000007
7.1,7.4,2.3,1.6,1.9,1.2,1.2,0.8,3.528944068465339,0.0,2.5999999999999996,3.1,5.0,3.1
9.3,7.8,1.5,1.1,1.6,1.8,1.1,0.8,0.0,2.741401911902621,3.8500000000000005,3.0,3.8500000000000005,1.7000000000000002
5.7,9.3,2.9,2.9,1.9,1.7,0.7,0.8,2.8000000000000003,0.47601888829783195,1.9000000000000001,3.8000000000000003,1.9000000000000001,6.0
7.2,5.9,1.4,2.6,1.2,1.9,1.0,0.7,5.800000000000001,0.14442149198642693,3.0,2.0,1.5,2.0
5.4,5.6,1.8,1.5,1.2,1.4,0.7,0.8,3.6000000000000005,1.5714296121349283,2.1,2.0999999999999996,0.9000000000000001,2.0999999999999996
9.0,7.1,1.4,2.6,1.9,1.1,0.5,1.3,6.434161001202441,4.5,3.55,3.0,2.55,3.0
9.1,6.9,1.2,2.6,1.4,1.6,0.5,1.1,7.8999999999999995,3.9335252815713218,3.8499999999999996,2.6500000000000004,5.75,2.6500000000000004
8.8,9.6,1.5,2.9,1.9,1.8,1.5,1.3,2.5217969118879022,6.699999999999999,3.45,3.9,1.4500000000000002,3.9
8.4,6.7,2.0,1.8,1.4,1.0,1.0,0.6,6.4,3.20815315556728,3.5,2.85,3.5,1.75
6.3,7.3,1.0,1.3,1.9,1.3,1.0,1.2,0.0,4.056961452612395,2.2,3.0,0.7000000000000002,3.0
5.3,7.6,1.8,2.9,1.8,1.7,1.2,1.1,0.20021003365435114,0.0,1.75,2.9499999999999997,1.75,1.3499999999999996
8.3,5.0,1.1,2.7,1.9,1.6,0.8,1.3,2.845415235295016,2.3,3.2,1.7,3.2,0.0
5.4,6.2,1.3,2.1,1.0,1.4,0.7,0.7,4.1000000000000005,1.7250537980993554,2.2,2.4000000000000004,1.0000000000000002,2.4000000000000004
7.5,9.7,1.6,1.9,1.3,1.6,1.0,1.4,1.3396881585083826,7.799999999999999,3.1,4.05,4.9,4.05
5.8,8.2,1.5,1.2,1.1,1.0,1.4,0.6,1.0458959259053064,6.999999999999999,2.3499999999999996,3.5999999999999996,3.9499999999999997,3.5999999999999996
5.3,8.2,2.6,1.7,1.2,1.7,1.0,0.9,0.0,6.227036266185224,2.05,3.2499999999999996,2.05,5.449999999999999
9.5,7.2,2.1,1.1,1.7,1.0,0.8,0.9,0.0,5.997758835508697,3.9,3.1,3.9,4.6
5.3,9.2,1.4,2.0,1.4,1.6,1.0,1.1,0.0,1.4750611431879666,1.95,3.8,3.8499999999999996,3.8
7.3,6.6,2.9,2.0,1.5,1.7,1.1,1.1,0.0,3.435463512228129,2.9,2.4499999999999997,2.9,0.8499999999999996
9.7,9.4,1.2,1.2,1.3,1.9,1.1,1.4,0.0,2.723165986125952,4.199999999999999,3.75,2.599999999999999,3.75
7.0,7.5,1.2,1.1,1.3,1.5,0.7,0.9,1.4410366775587766,0.0,2.85,3.0,1.6500000000000004,3.0
6.9,8.7,2.7,1.9,1.2,1.2,1.3,1.4,1.3656163520268958,0.0,2.85,3.7499999999999996,1.05,3.7499999999999996
8.8,7.2,1.4,2.4,1.2,1.8,1.2,0.7,4.472826225856862,4.800000000000001,3.8000000000000003,2.7,3.8000000000000003,5.0
6.0,9.6,2.9,1.7,1.3,1.4,1.0,0.6,3.1,6.821863723636599,2.35,4.1,0.8500000000000001,4.1
5.8,7.8,2.2,2.4,1.8,1.7,1.1,0.7,2.000782277618456,0.0,2.0,3.05,2.0,1.8499999999999996
7.0,9.1,1.8,1.3,1.4,1.9,0.8,1.1,4.157551637118854,0.0,2.8,3.5999999999999996,2.8,1.9999999999999996
5.8,7.4,2.0,1.2,1.8,1.2,1.3,1.2,0.0,1.0009222496043935,2.0,3.1,4.3,3.1
9.9,7.1,1.2,1.2,1.1,1.8,0.5,0.7,8.700000000000001,3.462927065664226,4.4,2.65,6.0,2.65
6.0,6.9,1.6,2.2,1.3,1.5,0.9,1.1,0.0,3.138839848283778,2.35,2.7,2.35,4.7
9.6,7.9,1.0,1.8,1.5,1.6,0.8,0.6,0.0,0.25016218274560814,4.05,3.1500000000000004,4.05,2.0500000000000003
9.0,10.0,2.4,1.5,1.0,1.4,1.5,1.2,6.6,5.710424993616736,4.0,4.3,4.0,6.199999999999999
6.4,5.0,2.7,2.2,1.5,2.0,1.1,1.0,3.5766132749071207,2.8,2.45,1.5,2.45,0.0
5.8,5.2,1.8,2.8,1.0,1.5,1.3,1.3,3.2075615926295664,0.0,2.4,1.85,3.9,1.85
8.6,9.4,2.9,1.3,1.7,1.5,0.8,0.7,0.0,5.4899521990889,3.4499999999999997,3.95,3.4499999999999997,2.75
6.2,5.0,1.4,1.4,1.8,1.8,0.9,0.8,4.800000000000001,2.6031403855849775,2.2,1.6,0.8000000000000003,1.6
5.2,9.8,1.9,1.1,1.4,1.5,1.5,1.2,3.3000000000000003,1.1337287995191645,1.9000000000000001,4.15,1.9000000000000001,2.45
5.2,6.5,2.2,1.4,1.9,1.7,0.7,0.8,1.104026579731447,5.1,1.6500000000000001,2.4,1.6500000000000001,4.6
7.9,6.4,1.2,1.5,1.0,1.2,1.0,1.5,0.08202906469696522,0.0,3.45,2.6,4.95,2.6
5.4,7.4,2.8,1.9,1.2,1.3,1.4,0.6,0.37418806108939784,0.0,2.1,3.0500000000000003,0.20000000000000018,3.0500000000000003
5.6,8.3,1.3,3.0,1.6,1.8,1.3,0.8,1.4632001030176747,5.300000000000001,1.9999999999999998,3.2500000000000004,0.19999999999999973,3.2500000000000004
9.7,7.3,2.6,1.4,1.2,1.3,0.8,1.1,6.469470743861522,0.0,4.25,3.0,5.95,3.0
6.3,7.7,1.2,2.7,1.2,1.0,1.1,0.5,1.5083705377621857,5.0,2.55,3.35,0.9499999999999997,3.35
6.4,9.0,2.3,1.9,1.5,1.5,0.8,0.9,0.0,1.7960174516518002,2.45,3.75,2.45,2.35
6.2,8.1,2.6,1.6,1.3,1.2,0.7,0.8,3.6,5.64502137452321,2.45,3.4499999999999997,2.45,5.1499999999999995
8.0,5.6,1.2,1.3,1.8,1.0,0.6,1.1,6.8,1.0504139480063912,3.1,2.3,3.1,3.8
9.7,9.4,1.8,2.1,1.1,1.9,1.1,1.2,7.8999999999999995,1.4656500187037784,4.3,3.75,4.3,2.05
5.6,8.8,1.1,2.5,1.7,1.2,0.5,1.5,0.0,2.170851316506633,1.9499999999999997,3.8000000000000003,4.1499999999999995,3.8000000000000003
7.3,5.7,1.6,2.1,1.7,1.9,1.3,0.7,0.0,2.6823983621761456,2.8,1.9000000000000001,2.8,0.7000000000000002
6.7,9.2,2.1,1.3,1.7,1.7,1.5,0.7,1.8854935543369022,0.0,2.5,3.7499999999999996,2.5,5.949999999999999
6.0,7.6,1.8,1.9,1.5,1.4,0.7,0.5,0.35496166498334836,5.699999999999999,2.25,3.0999999999999996,1.05,3.0999999999999996
6.5,7.4,2.1,2.1,1.9,1.7,1.1,0.8,2.2316213261833657,5.300000000000001,2.3,2.85,2.3,1.5499999999999998
5.4,7.8,1.1,2.0,1.8,1.6,0.8,0.8,2.195045912623441,0.0,1.8000000000000003,3.0999999999999996,4.1000000000000005,3.0999999999999996
9.4,8.9,2.8,1.8,1.1,1.2,0.9,1.1,1.9087212828067337,7.1000000000000005,4.15,3.85,4.15,2.25
7.6,6.2,3.0,2.9,1.7,1.1,1.3,0.6,2.6114064637839345,0.0,2.9499999999999997,2.55,2.9499999999999997,4.15
9.8,5.3,2.8,3.0,1.9,1.9,1.3,1.4,0.0,0.6266520758084435,3.95,1.7,3.95,0.0
8.0,8.6,1.4,1.3,1.7,1.5,1.1,1.5,6.6,5.248185889320998,3.15,3.55,3.15,1.5499999999999998
9.7,8.2,2.2,2.8,1.5,1.7,1.4,1.5,3.197763442480291,5.3999999999999995,4.1,3.2499999999999996,6.1,3.2499999999999996
5.6,7.1,2.0,2.4,1.7,1.3,1.2,1.1,3.5999999999999996,2.602347022722859,1.9499999999999997,2.9,0.24999999999999978,2.9
9.2,9.6,2.9,1.9,1.0,1.7,0.7,1.0,6.299999999999999,7.085851620533687,4.1,3.9499999999999997,4.1,2.4499999999999997
9.0,9.0,2.7,2.2,1.1,1.1,1.5,0.8,0.0,4.695678936240937,3.95,3.95,1.9500000000000002,3.95
8.7,9.2,2.2,1.9,1.0,1.3,0.6,1.4,6.499999999999999,4.412373871559563,3.8499999999999996,3.9499999999999997,3.8499999999999996,2.05
5.4,9.7,1.9,1.7,1.6,1.5,1.1,1.2,0.0,7.457634724382695,1.9000000000000001,4.1,4.0,4.1
5.4,6.9,1.4,1.4,1.1,1.0,1.3,0.9,0.0,2.7406055624982515,2.1500000000000004,2.95,2.1500000000000004,1.5500000000000003
6.9,6.9,2.1,1.7,1.3,1.8,0.5,1.2,2.0048061590826305,0.0,2.8000000000000003,2.5500000000000003,2.8000000000000003,0.8500000000000003
8.7,6.6,2.5,2.3,1.0,1.9,0.7,1.5,6.199999999999999,4.0616655685387,3.8499999999999996,2.3499999999999996,3.8499999999999996,4.75
7.2,9.1,2.2,2.8,1.3,2.0,0.6,0.6,5.0,6.257462817181247,2.95,3.55,2.95,6.05
8.1,5.6,1.0,1.1,1.2,2.0,0.9,0.8,7.1,0.2532159983489487,3.4499999999999997,1.7999999999999998,2.05,1.7999999999999998
7.9,9.4,1.5,1.3,1.0,1.4,0.8,1.0,6.4,0.8769126443705346,3.45,4.0,2.1500000000000004,4.0
7.6,5.5,2.1,2.0,1.8,1.4,1.1,0.5,0.0,2.1383552733378863,2.9,2.05,2.9,3.9499999999999997
9.1,8.4,2.7,2.4,1.5,1.9,1.5,1.5,6.3999999999999995,2.209460156355829,3.8,3.25,3.8,1.25
6.4,9.5,2.8,1.7,1.3,1.8,0.6,1.2,0.0,1.0158945759620353,2.5500000000000003,3.85,2.5500000000000003,6.15
7.6,7.6,1.5,1.9,1.9,1.5,0.5,1.0,6.1,3.072312418020537,2.8499999999999996,3.05,2.8499999999999996,1.5499999999999998
7.1,6.1,1.7,1.4,1.4,1.6,1.3,1.0,0.0,3.5219321095375786,2.8499999999999996,2.25,4.75,2.25
6.3,7.6,1.4,1.1,2.0,1.3,0.5,1.2,4.71314494029184,0.0,2.15,3.15,4.65,3.15
9.1,5.8,3.0,2.6,1.2,1.1,1.1,0.9,0.0,2.627551351482158,3.9499999999999997,2.3499999999999996,5.6499999999999995,2.3499999999999996
5.1,8.5,1.5,2.1,1.6,1.4,1.1,0.9,0.0,1.202102470444681,1.7499999999999998,3.55,1.7499999999999998,5.449999999999999
9.2,9.3,2.8,2.2,1.9,1.9,1.2,1.4,1.8979045179668472,7.1000000000000005,3.6499999999999995,3.7,1.9499999999999993,3.7
9.4,9.7,2.0,1.7,1.9,1.7,0.7,1.1,0.49692517114203305,7.999999999999999,3.75,3.9999999999999996,6.15,3.9999999999999996
6.1,5.7,2.5,2.5,1.4,1.2,1.4,0.5,0.0,1.484081478356659,2.3499999999999996,2.25,2.3499999999999996,1.25
9.7,6.7,1.8,2.3,1.9,1.1,1.0,1.0,5.0922513549171,0.0,3.8999999999999995,2.8,6.299999999999999,2.8
6.7,9.6,2.3,1.8,1.4,1.7,0.8,1.0,4.4,5.164896407154385,2.6500000000000004,3.9499999999999997,4.550000000000001,3.9499999999999997
5.7,7.9,1.7,2.4,1.2,1.9,0.8,1.3,0.0,2.2277114425044084,2.25,3.0,3.95,3.0
8.2,5.1,2.6,1.4,1.5,1.6,0.8,1.2,0.0,0.7506758304501064,3.3499999999999996,1.7499999999999998,2.05,1.7499999999999998
5.3,8.6,1.6,2.7,1.9,1.0,1.1,1.3,0.0,3.2867995385579842,1.7,3.8,4.1,3.8
5.6,7.2,1.8,2.1,1.8,1.8,0.9,0.7,2.6979937350640717,5.1,1.9,2.7,4.2,2.7
5.5,8.7,1.4,2.6,1.4,1.5,0.8,0.9,4.1,3.2554600745614177,2.05,3.5999999999999996,0.7499999999999998,3.5999999999999996
7.2,9.1,2.9,3.0,1.5,1.6,0.6,0.5,4.300000000000001,6.066027228763119,2.85,3.75,2.85,5.85
7.6,6.8,2.8,1.7,1.6,1.3,0.8,1.3,4.8,1.8783048328221326,3.0,2.75,5.1,2.75
9.0,6.7,2.2,2.9,1.0,1.7,0.6,1.2,6.8,1.4398971606828268,4.0,2.5,4.0,4.7
5.3,9.6,2.5,2.4,1.6,1.8,0.7,1.5,0.0,3.869858851048627,1.8499999999999999,3.9,1.8499999999999999,1.9
7.7,7.7,1.8,1.8,1.6,1.3,1.4,1.0,5.9,0.9292738611588073,3.05,3.2,3.05,5.0
6.8,9.0,1.0,1.5,1.8,1.6,0.9,0.9,5.138686672628664,7.5,2.5,3.7,1.1,3.7
5.9,9.1,2.4,2.1,1.8,1.1,1.1,0.5,3.5000000000000004,6.084743301056088,2.0500000000000003,4.0,2.0500000000000003,3.0
8.4,5.3,1.0,2.3,1.9,1.9,1.3,1.2,5.840436850831581,3.0,3.25,1.7,5.65,1.7
6.2,5.9,2.2,2.1,1.2,1.4,0.7,1.4,0.0,2.8034117372558436,2.5,2.25,4.2,2.25
5.5,8.7,2.1,2.1,1.3,1.9,0.5,0.8,1.6921015169108433,0.0,2.1,3.3999999999999995,3.9000000000000004,3.3999999999999995
6.5,8.1,1.6,2.6,2.0,1.2,1.5,1.4,4.819770737799424,0.0,2.25,3.4499999999999997,2.25,1.5499999999999998
7.6,6.4,1.3,2.1,1.2,2.0,1.2,0.5,5.826985597435021,4.300000000000001,3.1999999999999997,2.2,4.8999999999999995,2.2
5.8,7.4,2.3,2.4,1.5,1.3,0.5,1.2,0.0,4.856747024865584,2.15,3.0500000000000003,2.15,1.3500000000000003
7.2,9.1,2.9,1.7,1.4,1.8,0.7,0.8,0.0,4.015531289544126,2.9000000000000004,3.65,2.9000000000000004,2.3499999999999996
8.5,9.2,2.8,1.8,1.9,2.0,0.6,0.7,3.5086161645577647,7.3999999999999995,3.3,3.5999999999999996,3.3,2.3999999999999995
5.1,8.5,1.1,2.9,1.9,1.6,0.9,0.9,0.0,4.658719544258357,1.5999999999999999,3.45,0.19999999999999984,3.45
8.5,5.8,2.1,2.4,1.1,1.3,0.7,0.7,0.0,2.2136503481140264,3.7,2.25,5.300000000000001,2.25
5.2,7.1,1.9,1.4,1.4,1.2,1.3,1.0,3.120069388499112,0.0,1.9000000000000001,2.9499999999999997,1.9000000000000001,4.6499999999999995
9.3,8.4,1.5,1.3,1.0,1.9,1.1,1.4,5.6455658314300985,0.0,4.15,3.25,4.15,5.65
8.9,7.4,2.1,1.0,1.1,1.4,0.9,1.2,0.13260488800085632,6.4,3.9000000000000004,3.0,3.9000000000000004,1.3
8.8,7.4,2.4,1.6,1.5,1.6,0.8,1.0,0.0,0.7350839053404626,3.6500000000000004,2.9000000000000004,3.6500000000000004,5.0
9.7,7.7,1.3,1.5,1.0,1.5,1.0,1.3,5.488063839682673,0.0,4.35,3.1,4.35,1.3
8.4,7.0,2.1,1.5,1.7,1.8,1.4,1.3,6.300000000000001,1.2939877239537982,3.35,2.6,1.4500000000000002,2.6
6.7,7.9,2.5,1.5,1.7,1.8,0.8,1.3,4.2,0.43953381744000314,2.5,3.0500000000000003,2.5,1.2500000000000002
5.6,5.4,1.4,2.3,1.2,1.2,1.3,1.3,0.0,0.12998733400627024,2.1999999999999997,2.1,3.8999999999999995,2.1
7.1,5.6,1.9,1.9,1.2,1.3,0.6,1.3,5.199999999999999,3.6340309120357936,2.9499999999999997,2.15,2.9499999999999997,3.95
6.1,6.5,2.0,1.2,1.3,1.4,1.2,1.2,2.7090497719599465,0.0,2.4,2.55,2.4,4.449999999999999
8.9,5.3,2.5,1.6,1.0,1.8,0.7,0.6,4.7352151367897575,3.6999999999999997,3.95,1.75,2.75,1.75
5.6,8.0,2.8,2.3,1.5,1.5,1.5,1.2,0.4813903623900744,0.0,2.05,3.25,2.05,1.5499999999999998
8.5,8.7,2.2,2.4,1.5,1.2,1.4,0.8,0.5174075552472105,6.299999999999999,3.5,3.7499999999999996,5.5,3.7499999999999996
7.0,8.9,1.1,2.4,1.1,1.9,1.4,0.8,0.0,1.2102029972216122,2.95,3.5,2.95,5.9
5.9,5.3,1.7,3.0,1.6,1.4,1.1,0.7,4.2,1.6677392243612066,2.1500000000000004,1.95,0.5500000000000003,1.95
5.3,9.1,1.9,2.8,1.9,1.6,0.9,1.0,2.2470219891135548,0.0,1.7,3.75,4.1,3.75
9.0,5.8,1.5,1.6,1.6,1.9,1.2,1.1,0.0,1.7510975853174964,3.7,1.95,3.7,0.34999999999999987
5.5,5.3,1.1,2.8,1.6,1.5,0.9,0.9,0.0,1.2171569645622249,1.95,1.9,0.5499999999999998,1.9
5.8,6.9,1.4,2.5,1.3,1.5,1.3,1.4,1.6477501179839842,0.0,2.25,2.7,4.05,2.7
7.8,5.9,2.5,2.8,1.7,1.8,0.6,0.7,1.5187843802886076,0.0,3.05,2.0500000000000003,3.05,0.8500000000000003
6.7,8.3,1.9,1.3,1.8,1.2,1.2,0.9,4.800000000000001,0.7350972453360364,2.45,3.5500000000000003,2.45,5.25
5.6,9.6,1.7,1.9,1.5,1.1,1.1,1.3,0.0,5.414099586204701,2.05,4.25,4.05,4.25
6.5,7.6,2.1,1.2,1.7,1.1,0.9,1.2,0.0,0.4009553879087548,2.4,3.25,2.4,1.5499999999999998
5.6,8.6,2.5,2.2,1.9,1.8,1.4,0.7,1.1616950061208686,6.3999999999999995,1.8499999999999999,3.4,4.199999999999999,3.4
8.0,6.8,3.0,2.8,1.4,1.1,1.2,1.1,5.0,3.6104001607851486,3.3,2.8499999999999996,5.199999999999999,2.8499999999999996
5.1,5.4,1.8,1.0,1.4,1.8,0.7,1.1,0.0,1.2141212050324148,1.8499999999999999,1.8000000000000003,0.6499999999999999,1.8000000000000003
6.0,7.5,2.5,2.0,1.9,1.6,1.3,1.2,0.4471972452507933,5.5,2.05,2.95,2.05,5.050000000000001
5.2,9.4,1.1,2.4,1.3,2.0,1.0,1.2,1.8014726202009361,0.0,1.9500000000000002,3.7,1.9500000000000002,2.0
9.9,8.9,2.9,2.3,1.4,1.5,0.8,0.9,4.918674627444069,6.6000000000000005,4.25,3.7,2.95,3.7
9.5,9.4,2.1,2.6,1.1,1.6,1.2,0.7,0.0,5.133639929015552,4.2,3.9000000000000004,4.2,2.7
7.2,6.7,2.6,1.2,1.1,1.8,1.4,0.8,4.6,5.441335560077048,3.05,2.45,1.15,2.45
8.5,7.6,1.0,2.3,1.1,1.4,1.5,0.9,7.5,4.42227522043659,3.7,3.0999999999999996,1.7000000000000002,3.0999999999999996
5.7,8.1,1.6,1.7,1.3,1.1,1.4,0.8,1.4860325528842497,0.0,2.2,3.5,2.2,2.2
5.4,5.1,2.4,2.1,1.3,1.3,1.3,0.8,0.5684534134507575,0.0,2.0500000000000003,1.9,3.8500000000000005,1.9
7.7,9.2,1.3,2.2,1.2,1.2,0.6,1.4,4.262377611579476,0.0,3.25,3.9999999999999996,3.25,2.0999999999999996
8.9,8.2,1.4,3.0,2.0,1.1,0.8,0.6,0.0,1.008567567012185,3.45,3.55,3.45,2.4499999999999997
6.6,7.0,2.2,2.2,1.4,1.6,1.1,1.2,2.8516032788308863,4.8,2.5999999999999996,2.7,4.5,2.7
9.2,9.8,1.6,2.7,1.7,1.7,0.6,1.3,0.0,1.968611983620738,3.7499999999999996,4.050000000000001,2.6499999999999995,4.050000000000001
6.3,5.3,2.8,2.2,1.5,1.4,1.5,0.8,3.5,2.741791037633172,2.4,1.95,0.3999999999999999,1.95
9.8,8.9,2.9,2.7,1.4,1.6,0.9,1.4,2.546125568318097,0.0,4.2,3.6500000000000004,6.1,3.6500000000000004
6.3,9.4,1.8,2.3,1.2,1.1,1.2,1.1,0.0,0.8337031464363767,2.55,4.15,2.55,5.75
8.3,7.7,1.3,1.9,1.8,1.3,1.0,0.9,0.30102711362218754,5.800000000000001,3.2500000000000004,3.2,3.2500000000000004,1.8000000000000003
6.4,5.9,3.0,1.1,1.9,1.6,0.9,0.7,0.05556906507518327,4.800000000000001,2.25,2.1500000000000004,2.25,0.9500000000000004
9.0,7.1,2.1,2.8,1.3,1.3,0.6,0.6,3.801339430014951,0.0,3.85,2.9,3.85,1.7999999999999998
8.2,8.3,1.5,2.6,1.9,1.9,1.1,0.6,2.6911700862911916,0.0,3.1499999999999995,3.2,1.5499999999999994,3.2
9.2,6.3,1.8,1.5,1.5,1.6,0.7,0.6,0.0,3.4355431884719425,3.8499999999999996,2.3499999999999996,3.8499999999999996,4.449999999999999
6.5,6.4,1.2,2.7,1.4,1.9,0.5,1.3,3.7779044943473927,3.7,2.55,2.25,2.55,0.44999999999999996
7.5,5.3,1.5,1.3,1.0,1.6,1.4,1.4,6.0,0.6136589528349399,3.25,1.8499999999999999,1.35,1.8499999999999999
8.0,9.9,1.4,1.3,1.6,1.1,1.2,0.6,0.0,3.3448019588524183,3.2,4.4,3.2,6.0
5.1,7.1,2.6,2.8,1.6,1.9,0.9,0.7,1.945959218838708,4.3,1.7499999999999998,2.5999999999999996,0.34999999999999976,2.5999999999999996
8.3,6.5,2.5,2.2,1.3,1.8,1.0,1.2,3.138494501046165,4.3,3.5000000000000004,2.35,2.0000000000000004,2.35
7.0,9.8,1.7,2.0,1.8,1.6,1.2,0.6,5.3,6.136248922843945,2.6,4.1000000000000005,4.9,4.1000000000000005
6.6,9.2,1.2,1.8,1.3,1.4,0.6,1.1,5.3999999999999995,1.040439939661077,2.65,3.8999999999999995,2.65,2.2999999999999994
5.1,6.2,1.7,2.3,1.9,1.3,1.0,0.7,2.945908720609485,0.0,1.5999999999999999,2.45,4.0,2.45
9.7,6.2,2.2,2.6,1.6,1.0,1.4,1.0,0.2047648098862431,3.6,4.05,2.6,2.15,2.6
7.7,6.3,1.3,2.4,1.1,1.6,1.5,1.5,0.0,2.4184573304520733,3.3,2.3499999999999996,3.3,0.34999999999999964
8.5,7.1,2.1,1.5,1.9,1.4,1.1,0.8,5.351875123417058,0.0,3.3,2.8499999999999996,5.699999999999999,2.8499999999999996
5.9,8.0,1.1,2.3,1.4,1.1,1.0,1.3,0.8628444578433901,0.0,2.25,3.45,4.15,3.45
5.5,8.6,1.7,1.3,1.8,1.6,0.7,1.1,3.066353277931124,0.0,1.85,3.5,1.85,1.9
9.1,6.2,1.4,2.2,1.5,1.9,1.1,1.3,7.2249234059864715,4.0,3.8,2.1500000000000004,3.8,0.3500000000000003
5.8,7.9,1.3,1.9,1.4,1.8,1.0,1.2,0.8651115646867897,6.0,2.2,3.0500000000000003,2.2,1.3500000000000003
9.5,8.5,1.7,1.2,1.0,1.9,1.2,1.5,3.513536049725898,7.3,4.25,3.3,4.25,5.699999999999999
9.8,6.0,1.1,1.7,1.3,1.5,1.2,0.6,0.4846603198135267,0.0,4.25,2.25,2.55,2.25
9.6,5.8,2.0,3.0,2.0,1.9,0.7,1.1,6.354579722013112,2.8,3.8,1.95,3.8,4.35
6.7,8.4,1.7,2.3,1.6,1.6,1.4,0.6,0.116979364360566,0.0,2.55,3.4000000000000004,2.55,2.3000000000000003
5.6,9.8,1.0,2.2,1.5,1.4,0.6,0.6,0.0,4.581077190129925,2.05,4.2,0.9499999999999997,4.2
8.2,5.2,2.3,1.3,1.9,1.4,0.9,0.6,0.9458498976841256,3.9000000000000004,3.1499999999999995,1.9000000000000001,3.1499999999999995,3.8
9.8,7.4,2.0,2.3,1.6,1.1,0.7,1.1,7.800000000000001,0.2730066522632924,4.1000000000000005,3.1500000000000004,4.1000000000000005,4.75
6.1,5.1,1.9,2.7,1.0,1.2,0.9,0.7,4.199999999999999,1.5184927516486915,2.55,1.9499999999999997,1.15,1.9499999999999997
9.4,5.4,2.7,1.4,1.1,1.8,1.2,1.4,0.12545698144427794,0.0,4.15,1.8000000000000003,5.75,1.8000000000000003
7.3,5.4,1.8,2.3,1.5,1.4,1.3,1.3,0.0,1.2158583041430686,2.9,2.0,1.0999999999999999,2.0
8.9,6.6,1.6,1.7,1.5,1.6,1.0,1.1,0.0,1.450672859887649,3.7,2.5,2.2,2.5
9.9,8.9,1.8,1.9,1.6,1.6,1.4,0.9,2.269524526567746,0.0,4.15,3.6500000000000004,4.15,2.2500000000000004
7.6,10.0,2.1,2.2,1.4,1.1,1.3,1.4,0.0,0.1211818393390699,3.0999999999999996,4.45,3.0999999999999996,6.050000000000001
6.2,5.6,1.3,2.6,1.9,1.3,0.8,0.6,0.7970757545733544,2.9999999999999996,2.1500000000000004,2.15,0.8500000000000003,2.15
6.2,7.6,2.1,1.4,1.8,1.7,1.1,0.9,2.260309431237067,0.0,2.2,2.9499999999999997,2.2,5.1499999999999995
7.4,9.6,2.9,1.1,1.4,1.3,1.1,1.0,4.5,3.8347422964603326,3.0,4.1499999999999995,1.4,4.1499999999999995
8.1,5.2,2.8,1.2,1.9,1.1,1.4,0.7,0.0,0.37939181569522873,3.0999999999999996,2.05,3.0999999999999996,3.65
5.4,6.5,2.2,2.1,1.5,1.9,0.6,0.5,3.2,1.0585942308322167,1.9500000000000002,2.3,1.9500000000000002,1.2999999999999998
8.3,8.8,2.7,2.1,1.2,1.9,0.6,0.8,1.8630439980297984,6.700000000000001,3.5500000000000003,3.45,5.25,3.45
9.3,7.3,1.5,1.1,1.3,1.1,0.6,0.5,2.423727608138264,0.0,4.0,3.0999999999999996,2.9,3.0999999999999996
8.9,10.0,1.9,1.9,1.1,1.1,0.5,0.8,0.37712310084178,0.0,3.9000000000000004,4.45,2.9000000000000004,4.45
10.0,8.2,1.7,2.6,1.8,1.6,1.1,1.4,7.828642054959926,5.6,4.1,3.3,4.1,5.4
9.8,8.1,1.3,2.2,1.4,1.2,1.0,1.3,2.3873386343020147,5.8999999999999995,4.2,3.4499999999999997,6.1,3.4499999999999997
5.5,6.0,2.3,1.8,1.3,1.2,1.3,0.8,2.051481464088494,0.0,2.1,2.4,0.30000000000000004,2.4
9.7,6.1,2.6,1.5,1.9,1.2,1.0,0.8,7.1,3.7293855379070884,3.8999999999999995,2.4499999999999997,2.3999999999999995,2.4499999999999997
5.5,7.0,1.9,1.2,1.2,1.5,0.6,0.7,3.6,0.3619578652345977,2.15,2.75,3.8499999999999996,2.75
6.3,6.9,2.6,1.3,1.1,1.0,1.5,0.6,3.6999999999999997,0.4707191968850349,2.5999999999999996,2.95,2.5999999999999996,1.85
5.9,7.6,1.7,1.5,1.1,2.0,1.4,0.6,3.785468966333069,0.0,2.4000000000000004,2.8,2.4000000000000004,5.3
7.0,6.1,1.6,1.8,1.8,1.4,1.2,1.4,5.4,0.8587992533098753,2.6,2.3499999999999996,2.6,0.44999999999999973
9.4,8.0,2.3,1.4,1.0,1.1,0.7,0.6,1.281812778591393,0.0,4.2,3.45,4.2,5.050000000000001
8.5,7.2,2.7,2.7,1.6,1.3,1.4,1.4,5.8,0.952064068767548,3.45,2.95,3.45,4.75
8.3,8.4,1.1,1.8,1.2,1.1,1.3,0.9,0.0,0.9923701009830121,3.5500000000000003,3.6500000000000004,3.5500000000000003,5.25
8.0,6.7,2.2,2.4,1.8,1.2,1.2,1.0,0.0,3.6011795381513103,3.1,2.75,3.1,4.45
5.6,7.4,1.3,1.4,1.9,1.5,1.0,1.0,0.8997865016987129,0.0,1.8499999999999999,2.95,0.34999999999999987,2.95
5.3,5.7,1.7,1.9,1.2,1.6,0.9,1.5,1.4648544510067032,0.0,2.05,2.05,2.05,4.15
6.1,5.6,1.1,1.6,1.2,1.8,1.1,1.2,0.0,1.9597656014937759,2.4499999999999997,1.9,0.8499999999999996,1.9
5.8,5.8,1.8,1.9,1.0,1.1,1.5,0.8,0.0,2.1657897568600784,2.4,2.3499999999999996,2.4,1.0499999999999996
6.3,9.8,1.9,2.2,1.6,1.2,1.4,1.0,1.4288318383597587,7.6000000000000005,2.3499999999999996,4.300000000000001,2.3499999999999996,6.000000000000001
6.1,5.7,2.8,1.2,1.6,1.7,1.4,1.4,0.0,2.8864045111891956,2.25,2.0,2.25,4.2
6.9,6.6,1.2,1.4,1.9,1.6,1.3,1.2,0.0,2.74313835959855,2.5,2.5,2.5,4.6
7.0,6.8,2.9,1.6,1.4,2.0,0.6,0.5,2.4735476572139623,0.0,2.8,2.4,2.8,4.9
6.1,6.4,2.1,1.1,1.3,1.5,0.5,0.8,0.0,4.570824182796244,2.4,2.45,2.4,4.45
5.9,7.9,2.9,2.6,1.6,1.8,0.5,0.8,1.1527597172636246,0.0,2.1500000000000004,3.0500000000000003,4.25,3.0500000000000003
8.7,5.1,2.8,1.3,1.7,1.7,1.4,1.3,5.295004997073942,0.0,3.4999999999999996,1.6999999999999997,3.4999999999999996,3.8
7.4,7.4,1.0,1.3,1.2,1.5,0.9,1.1,2.470903870598756,0.0,3.1,2.95,1.7000000000000002,2.95
5.4,5.2,2.6,2.2,1.3,1.9,0.5,0.8,2.6264266028196217,3.0,2.0500000000000003,1.6500000000000001,1.0500000000000003,1.6500000000000001
9.2,6.1,2.7,2.8,1.5,1.8,1.1,0.9,5.2341072660542665,3.3,3.8499999999999996,2.15,3.8499999999999996,0.75
9.8,5.8,2.4,1.2,1.1,1.1,0.6,1.4,5.17612466713828,4.6,4.3500000000000005,2.3499999999999996,3.2500000000000004,2.3499999999999996
7.1,6.6,2.0,2.6,1.1,1.4,0.8,0.7,3.7001990128460345,0.0,3.0,2.5999999999999996,1.7000000000000002,2.5999999999999996
6.1,8.5,1.9,2.4,1.0,1.0,1.0,1.4,3.5331250841094777,6.1,2.55,3.75,4.05,3.75
7.0,6.1,1.6,2.8,1.5,1.4,0.8,0.9,3.5411837692688235,0.0,2.75,2.3499999999999996,2.75,0.9499999999999997
8.5,6.6,1.3,1.3,1.7,1.1,1.4,0.6,0.0,5.240076778502172,3.4,2.75,3.4,4.35
9.1,5.1,1.4,2.7,1.1,1.7,1.3,1.5,7.699999999999999,1.35685125519229,4.0,1.6999999999999997,4.0,3.5999999999999996
8.0,9.3,1.3,1.5,1.8,1.4,0.8,1.3,4.683557070485852,0.0,3.1,3.95,5.4,3.95
8.0,6.0,2.6,2.7,1.1,1.0,0.8,0.8,0.0,1.5292463309497306,3.45,2.5,5.050000000000001,2.5
8.8,7.7,2.2,1.4,1.9,1.4,0.8,1.2,6.342132158980293,0.0,3.45,3.1500000000000004,5.85,3.1500000000000004
5.7,5.1,1.6,1.1,1.6,1.4,0.8,0.6,3.8480851373493317,3.9999999999999996,2.05,1.8499999999999999,2.05,3.75
7.5,8.4,1.6,1.8,1.4,1.2,1.3,0.9,1.2680782923774063,6.6000000000000005,3.05,3.6,3.05,2.2
5.7,6.4,2.1,1.2,1.9,1.4,1.3,1.0,3.6,1.0524706354735696,1.9000000000000001,2.5,4.3,2.5
9.4,9.5,2.9,1.3,1.0,1.9,1.0,1.4,2.956537835384708,0.0,4.2,3.8,2.7,3.8
5.9,6.7,3.0,2.9,1.3,1.7,0.6,1.2,1.7833617674525217,0.0,2.3000000000000003,2.5,4.1000000000000005,2.5
8.7,6.8,2.2,1.6,1.1,1.2,1.5,1.5,6.499999999999999,0.7137148923238344,3.8,2.8,1.7999999999999998,2.8
9.5,5.6,1.4,2.2,1.3,1.7,0.7,1.0,5.371483876840575,3.3999999999999995,4.1,1.9499999999999997,5.8999999999999995,1.9499999999999997
8.9,6.0,3.0,2.8,1.0,1.1,1.2,1.0,5.9,0.887970162776011,3.95,2.45,3.95,4.050000000000001
7.4,8.5,2.0,2.7,1.8,1.0,1.4,0.6,3.308054268894677,0.0,2.8000000000000003,3.75,2.8000000000000003,5.25
7.7,8.1,2.7,1.9,1.7,1.1,1.2,1.5,2.7623099154264406,6.199999999999999,3.0,3.5,3.0,1.5
5.8,9.9,1.3,2.1,1.7,1.7,0.8,0.7,1.1278412844826868,7.800000000000001,2.05,4.1000000000000005,2.05,2.9000000000000004
7.4,7.7,1.5,2.6,1.2,1.6,1.4,0.7,5.9,4.359532930948297,3.1,3.05,3.1,1.8499999999999996
8.5,5.3,1.2,3.0,1.1,1.7,0.7,0.5,5.138406452942971,0.0,3.7,1.7999999999999998,2.5,1.7999999999999998
8.7,8.9,2.1,1.1,1.6,1.6,1.1,1.0,0.0,3.1867060723359604,3.55,3.6500000000000004,3.55,5.75
6.0,9.5,2.5,1.9,1.5,1.7,1.1,1.3,3.5,1.8216239922770074,2.25,3.9,2.25,6.1
9.5,6.3,1.4,2.4,1.8,1.4,1.2,1.2,0.9926187762264816,3.9,3.85,2.45,2.1500000000000004,2.45
8.4,9.4,2.4,1.2,1.8,1.2,0.6,0.9,0.0,6.908904599475521,3.3000000000000003,4.1000000000000005,3.3000000000000003,2.7000000000000006
9.0,8.1,2.2,2.2,1.6,1.2,1.5,0.6,6.498122038111311,0.0,3.7,3.4499999999999997,3.7,5.1499999999999995
9.2,9.3,1.3,3.0,1.9,1.5,1.4,1.0,6.287379135506167,6.300000000000001,3.6499999999999995,3.9000000000000004,3.6499999999999995,2.4000000000000004
5.8,7.0,1.3,2.3,2.0,1.2,1.0,0.9,1.5746813904884531,0.0,1.9,2.9,4.4,2.9
6.7,9.2,2.6,1.0,1.6,1.1,0.6,1.1,4.1,1.1451029980111103,2.55,4.05,2.55,2.4499999999999997
6.7,5.2,1.3,2.2,1.5,1.2,0.5,0.6,0.0,0.13110461146425767,2.6,2.0,1.6,2.0
8.8,7.3,2.9,1.4,1.1,1.9,0.8,1.0,5.9,2.696803484127021,3.8500000000000005,2.7,5.450000000000001,2.7
5.7,5.9,2.6,1.5,1.4,2.0,1.3,0.6,0.0,3.9339045228975573,2.1500000000000004,1.9500000000000002,2.1500000000000004,4.45
6.6,6.5,1.3,1.5,1.5,1.1,1.2,1.1,0.0,1.9342958263121117,2.55,2.7,0.8499999999999999,2.7
6.0,8.7,1.8,2.3,1.2,1.4,0.5,0.7,4.175417403818037,0.0,2.4,3.6499999999999995,2.4,2.4499999999999993
6.2,6.3,2.9,1.0,2.0,1.5,1.0,1.2,3.049376322392481,5.3,2.1,2.4,0.6000000000000001,2.4
7.5,9.0,2.0,1.1,1.5,1.5,0.5,1.4,5.5,4.822492889422637,3.0,3.75,5.0,3.75
6.5,8.5,1.5,1.4,1.6,1.0,1.3,1.1,0.0,2.105839379217287,2.45,3.75,2.45,5.25
8.5,7.9,1.7,2.0,1.4,1.0,0.9,1.2,4.501484983185841,0.0,3.55,3.45,3.55,4.95
9.3,9.4,1.6,2.0,1.9,1.9,0.9,1.3,0.7613802470732584,7.4,3.7,3.75,3.7,6.15
5.1,7.5,2.6,2.4,1.2,1.5,0.9,0.8,2.4999999999999996,2.9411811736202287,1.9499999999999997,3.0,1.9499999999999997,5.0
7.5,7.0,2.1,2.3,1.7,1.4,0.8,1.4,5.4,1.904948318756991,2.9,2.8,5.1,2.8
7.9,8.1,1.2,2.5,1.3,1.7,1.1,1.3,2.7811541576205925,0.0,3.3000000000000003,3.1999999999999997,1.7000000000000002,3.1999999999999997
5.5,6.5,2.2,3.0,1.5,1.5,0.7,1.5,0.0,2.9172902107348686,2.0,2.5,4.0,2.5
8.8,7.6,1.7,1.9,1.6,1.2,1.5,0.6,6.2448351353272695,0.0,3.6000000000000005,3.1999999999999997,5.700000000000001,3.1999999999999997
9.2,10.0,2.3,2.3,1.5,1.1,0.7,0.5,6.8999999999999995,1.867654842521916,3.8499999999999996,4.45,5.85,4.45
7.3,5.9,2.6,1.5,1.1,1.6,1.4,0.9,1.716766395085483,0.0,3.0999999999999996,2.1500000000000004,3.0999999999999996,0.7500000000000004
7.5,6.0,2.9,1.9,1.7,2.0,1.4,1.3,1.7886855119480554,0.0,2.9,2.0,1.0,2.0
8.3,8.7,2.4,1.3,1.9,1.4,1.4,1.4,1.5365877529418657,0.0,3.2,3.6499999999999995,1.3000000000000003,3.6499999999999995
9.6,9.8,2.4,1.6,1.6,1.9,1.2,1.5,0.0,3.739820364933302,4.0,3.95,6.1,3.95
7.2,8.3,1.4,1.2,1.7,1.2,1.1,1.1,0.0,0.6759014686245387,2.75,3.5500000000000003,2.75,1.9500000000000002
6.8,5.9,1.5,1.1,1.8,1.5,0.7,1.0,5.3,4.199006186741968,2.5,2.2,2.5,0.7000000000000002
6.8,7.4,2.8,2.3,1.6,1.7,0.7,1.4,3.619227153444989,0.0,2.5999999999999996,2.85,2.5999999999999996,5.05
5.6,5.6,2.8,1.8,1.5,1.5,0.8,0.8,0.05354397466480871,3.8,2.05,2.05,0.7499999999999998,2.05
7.8,5.1,2.4,2.1,1.1,1.7,1.1,0.6,5.4,1.1456996498562921,3.3499999999999996,1.6999999999999997,1.7499999999999996,1.6999999999999997
7.8,8.1,1.2,2.5,1.2,1.5,1.4,0.5,6.6,2.5123612191580724,3.3,3.3,5.0,3.3
5.7,9.8,1.0,2.2,1.7,1.1,0.6,1.3,0.0,3.5389950708972715,2.0,4.3500000000000005,2.0,2.5500000000000007
7.3,6.0,2.4,2.9,1.3,1.3,0.9,1.0,0.4027733502379485,0.0,3.0,2.35,3.0,0.8500000000000001
5.6,7.1,2.7,2.0,1.1,1.7,0.9,0.7,0.19079447013620815,0.0,2.25,2.6999999999999997,2.25,4.8999999999999995
8.4,8.5,2.3,2.7,1.4,1.7,0.6,1.2,5.718996722182004,0.0,3.5,3.4,3.5,1.7000000000000002
5.6,6.1,1.7,1.6,1.7,1.4,1.4,0.6,0.0,1.2008242387742487,1.9499999999999997,2.3499999999999996,0.04999999999999982,2.3499999999999996
7.5,7.4,1.7,2.4,1.1,2.0,1.1,1.4,5.026819611406409,5.0,3.2,2.7,3.2,0.8000000000000003
8.8,6.1,2.2,2.9,1.5,1.7,1.2,1.4,0.0,1.9092308061680883,3.6500000000000004,2.1999999999999997,1.9500000000000002,2.1999999999999997
9.9,5.8,1.1,1.4,1.1,1.4,0.6,1.0,0.0,0.6196356216311913,4.4,2.2,6.0,2.2
6.4,8.7,2.1,1.7,1.1,1.8,0.9,1.2,0.0,1.1652693586796707,2.6500000000000004,3.4499999999999997,4.25,3.4499999999999997
9.5,8.0,2.8,2.3,1.5,1.3,0.9,0.8,6.642569913369409,5.7,4.0,3.35,4.0,2.05
5.5,6.3,1.6,2.8,1.7,1.0,0.8,0.8,2.207720048716465,0.0,1.9,2.65,0.5999999999999999,2.65
9.7,6.8,1.2,1.6,1.7,1.4,0.7,0.8,8.279136730353937,5.199999999999999,3.9999999999999996,2.7,6.199999999999999,2.7
6.2,7.8,2.4,1.0,1.8,1.8,1.4,0.6,3.8000000000000003,0.03687336407787795,2.2,3.0,2.2,5.3
7.2,8.1,2.8,2.4,1.3,1.4,1.2,1.3,0.0,0.11583654282999505,2.95,3.3499999999999996,1.2500000000000002,3.3499999999999996
9.6,8.2,1.5,1.0,1.5,1.5,1.5,0.7,0.7669918962563812,7.199999999999999,4.05,3.3499999999999996,6.05,3.3499999999999996
9.4,8.7,2.6,2.2,1.3,1.6,1.2,1.1,0.0,3.8879868913396454,4.05,3.55,4.05,5.65
9.0,8.7,1.4,2.3,1.9,1.6,1.1,0.7,5.334779200729775,0.0,3.55,3.55,3.55,5.65
7.2,9.8,1.3,2.5,1.6,1.1,1.2,1.5,5.9,1.3255611500255982,2.8,4.3500000000000005,2.8,5.950000000000001
7.9,6.1,2.8,2.8,1.7,1.5,1.2,0.8,0.0,3.294279475407054,3.1,2.3,1.4000000000000001,2.3
7.8,7.3,2.6,1.4,1.8,1.4,1.0,0.6,1.9265175486158213,5.9,3.0,2.95,3.0,1.85
6.6,8.8,1.2,2.0,1.3,1.5,1.1,0.7,1.9064844167912824,0.0,2.65,3.6500000000000004,2.65,2.45
9.3,7.7,1.4,2.3,1.5,1.4,0.8,1.2,2.38894801520786,5.4,3.9000000000000004,3.1500000000000004,2.6000000000000005,3.1500000000000004
6.4,9.1,1.4,2.8,1.0,1.4,1.0,1.4,5.0,2.477301289261895,2.7,3.8499999999999996,4.2,3.8499999999999996
7.0,8.2,2.2,1.7,1.4,1.1,1.2,1.3,1.2496093696683077,6.499999999999999,2.8,3.55,2.8,5.15
5.0,7.8,2.1,1.8,1.5,1.8,1.4,1.0,2.9,5.070646002831824,1.75,3.0,1.75,1.5
9.0,9.8,2.3,2.7,1.8,1.3,0.9,1.0,0.0,6.2679300282718975,3.6,4.25,3.6,6.05
7.3,10.0,2.9,2.7,1.9,1.3,0.6,1.4,1.972874174591397,0.0,2.7,4.35,1.6,4.35
7.6,8.3,1.4,1.5,1.4,1.3,1.1,1.0,0.0,5.067073784002457,3.0999999999999996,3.5000000000000004,3.0999999999999996,5.300000000000001
9.7,9.8,1.5,2.4,1.4,1.3,0.7,0.9,8.2,7.182883711608748,4.1499999999999995,4.25,2.9499999999999993,4.25
8.5,5.6,2.9,2.5,1.3,1.3,0.8,1.0,5.6,2.7766858387730244,3.6,2.15,3.6,3.95
6.2,9.6,2.1,2.5,1.3,1.1,0.9,1.1,4.1,4.34500499285501,2.45,4.25,1.0500000000000003,4.25
8.9,5.4,1.1,2.6,1.7,1.6,1.4,1.5,7.800000000000001,0.37257112143135634,3.6,1.9000000000000001,1.7000000000000002,1.9000000000000001
6.1,9.3,1.4,2.7,1.4,2.0,0.8,0.6,0.0,4.450216329500487,2.3499999999999996,3.6500000000000004,2.3499999999999996,6.15
9.6,9.0,1.8,2.9,1.3,1.9,1.0,0.7,0.0,4.174058209116748,4.1499999999999995,3.55,2.6499999999999995,3.55
5.6,5.0,2.9,1.2,1.8,1.7,1.0,0.8,2.6999999999999997,1.0824142625847903,1.9,1.65,1.9,0.34999999999999987
8.4,6.5,2.0,2.9,1.1,1.6,1.4,1.1,1.1071119480075275,0.0,3.6500000000000004,2.45,5.25,2.45
7.6,7.0,3.0,1.5,1.8,1.7,0.7,1.3,4.4280544034412275,0.0,2.9,2.65,2.9,4.85
6.5,9.3,1.7,1.0,1.1,1.6,0.7,0.7,4.8,4.636426425817205,2.7,3.8500000000000005,4.300000000000001,3.8500000000000005
6.4,8.8,1.2,2.2,1.5,1.3,0.5,0.7,1.1412297942354197,6.6000000000000005,2.45,3.7500000000000004,2.45,2.5500000000000007
9.3,9.2,1.4,2.5,1.0,1.9,1.1,1.0,4.509631238528682,0.0,4.15,3.6499999999999995,2.5500000000000003,3.6499999999999995
6.5,6.4,1.4,2.9,1.5,1.1,1.4,0.5,5.1,0.8577763262025598,2.5,2.6500000000000004,2.5,4.25
5.6,5.0,2.3,1.4,1.6,1.7,0.6,0.9,0.0,0.43589551595262016,1.9999999999999998,1.65,1.9999999999999998,3.8499999999999996
9.6,7.3,1.4,2.3,1.3,1.4,1.2,1.1,6.488792882327656,5.0,4.1499999999999995,2.95,2.4499999999999993,2.95
8.1,9.4,1.0,1.8,2.0,1.9,0.7,0.9,7.1,5.2622111225005295,3.05,3.75,3.05,2.35
5.7,8.4,1.3,1.3,1.5,1.1,1.4,0.9,4.4,5.245612487858905,2.1,3.6500000000000004,2.1,2.2500000000000004
5.2,6.6,2.9,1.8,1.0,1.2,0.6,0.8,0.779820390723195,4.8,2.1,2.6999999999999997,1.0,2.6999999999999997
7.8,8.2,1.4,2.0,1.1,1.0,1.1,1.0,6.4,5.800712593976099,3.3499999999999996,3.5999999999999996,3.3499999999999996,2.0999999999999996
7.0,6.0,2.8,2.9,1.3,1.8,0.8,1.4,1.751401800507745,3.1,2.85,2.1,2.85,0.20000000000000018
5.2,9.5,2.7,2.1,1.5,1.7,1.4,0.7,0.6292200641796042,0.0,1.85,3.9,1.85,6.1
7.8,9.3,1.4,1.6,1.2,1.4,1.5,0.9,6.4,6.019698457119407,3.3,3.95,3.3,2.5500000000000003
5.5,5.0,2.8,2.2,1.2,1.4,0.6,1.0,1.069788416318237,0.0,2.15,1.8,2.15,3.7
9.3,8.0,1.5,1.9,1.6,1.6,0.5,0.9,0.0,5.287242223854171,3.8500000000000005,3.2,2.8500000000000005,3.2
5.2,9.3,2.3,2.7,1.3,1.3,1.1,0.6,0.0,1.1947793973854508,1.9500000000000002,4.0,1.9500000000000002,5.8
6.2,5.7,2.8,2.5,1.6,1.3,0.7,1.3,3.4000000000000004,1.4226167462598749,2.3,2.2,2.3,4.0
6.1,7.0,2.3,2.1,1.3,2.0,0.9,1.5,3.8,1.059686413933473,2.4,2.5,1.0,2.5
5.8,7.0,2.7,1.0,1.7,1.6,1.3,1.1,1.7511652909451279,0.0,2.05,2.7,2.05,4.800000000000001
5.7,5.7,1.8,1.9,1.4,1.8,1.1,1.3,0.0,2.4390462850465315,2.1500000000000004,1.9500000000000002,0.5500000000000003,1.9500000000000002
9.5,9.8,1.6,2.9,1.2,1.4,1.3,1.4,3.2259505541185365,0.0,4.15,4.2,5.8500000000000005,4.2
6.8,5.4,2.6,1.1,1.8,1.4,0.8,0.6,4.199999999999999,0.578635506507246,2.5,2.0,4.8,2.0
6.2,6.6,2.9,2.0,1.1,1.7,1.2,0.7,0.0,2.0161890726724456,2.55,2.4499999999999997,4.15,2.4499999999999997
6.8,5.1,1.4,1.7,1.9,1.4,1.1,0.5,0.1936998280654412,3.3999999999999995,2.45,1.8499999999999999,2.45,3.75
9.1,7.6,2.4,2.2,1.3,1.9,0.9,0.9,1.2575511260175731,0.0,3.9,2.8499999999999996,5.7,2.8499999999999996
9.6,5.1,1.5,1.9,1.5,1.9,0.5,0.5,0.0,2.5843154881747523,4.05,1.5999999999999999,4.05,4.0
9.7,9.8,1.8,2.4,1.1,1.9,0.7,1.3,1.1865708829250192,0.0,4.3,3.95,4.3,2.1500000000000004
9.3,9.4,1.1,2.9,1.9,1.4,0.5,0.5,8.200000000000001,4.643863669689163,3.7,4.0,3.7,3.0
8.7,8.5,3.0,2.8,1.9,1.3,0.7,1.2,3.002217978288316,0.0,3.3999999999999995,3.6,5.799999999999999,3.6
5.5,7.4,1.6,1.9,1.7,1.1,1.1,1.2,2.5556803588214994,5.5,1.9,3.1500000000000004,0.2999999999999998,3.1500000000000004
9.3,7.3,1.4,2.8,1.1,1.1,1.3,1.2,7.9,2.1799788064423993,4.1000000000000005,3.0999999999999996,5.700000000000001,3.0999999999999996
7.9,6.9,2.6,1.7,1.3,1.6,0.9,0.7,0.0,0.5282515943983183,3.3000000000000003,2.6500000000000004,1.9000000000000004,2.6500000000000004
7.6,6.6,1.3,1.1,1.3,1.5,1.1,1.0,3.2923287938753165,0.0,3.15,2.55,3.15,1.0499999999999998
9.6,5.5,1.3,1.7,2.0,1.0,0.7,1.1,0.0,3.6200035309796377,3.8,2.25,3.8,0.6499999999999999
9.4,6.7,1.8,2.6,1.8,1.5,1.2,0.8,0.0,2.7899097451422876,3.8000000000000003,2.6,3.8000000000000003,1.3
8.0,7.4,1.1,2.4,1.8,1.4,0.8,1.2,0.0,3.7496518253342255,3.1,3.0,1.7999999999999998,3.0
9.7,8.6,2.9,2.8,1.2,2.0,1.0,0.7,5.530010116870531,5.8,4.25,3.3,4.25,5.8
9.3,8.7,2.4,1.8,1.2,1.9,0.9,0.5,6.9,5.154073071570678,4.050000000000001,3.3999999999999995,4.050000000000001,5.799999999999999
10.0,6.3,1.7,2.5,1.0,1.9,1.5,0.9,6.886241071983886,0.0,4.5,2.2,4.5,4.6
9.3,8.8,1.6,2.4,1.5,1.9,0.6,1.4,0.0,6.043762429592366,3.9000000000000004,3.45,3.9000000000000004,1.5500000000000003
8.6,9.6,1.2,2.2,1.4,1.1,1.1,1.3,4.754151209569954,0.0,3.5999999999999996,4.25,1.9999999999999996,4.25
8.9,6.9,3.0,1.6,1.5,1.0,1.2,1.2,4.894180865948857,5.300000000000001,3.7,2.95,3.7,1.2500000000000002
7.5,9.7,2.1,1.2,1.7,1.2,1.3,0.6,0.0,5.9907586089847955,2.9,4.25,5.1,4.25
7.6,5.5,2.8,2.5,1.4,2.0,0.5,1.4,3.7579633232649137,0.0,3.0999999999999996,1.75,5.0,1.75
6.3,9.1,1.9,2.5,1.8,1.3,1.4,1.5,0.560475638141754,0.0,2.25,3.9,2.25,1.9
6.2,8.0,1.6,2.1,1.5,1.2,1.5,0.5,4.334841492322261,0.0,2.35,3.4,0.3500000000000001,3.4
9.4,8.2,1.9,1.7,1.9,1.8,0.8,1.4,7.5,4.315979028912929,3.75,3.1999999999999997,3.75,5.5
6.1,8.9,2.1,2.5,1.1,1.4,1.1,0.9,0.0,5.0483072794448605,2.5,3.75,2.5,5.65
7.4,8.7,2.3,1.9,1.5,1.6,1.2,0.5,1.710410286227977,0.0,2.95,3.55,2.95,5.65
9.8,6.8,2.4,1.5,1.9,1.2,1.5,1.0,7.4,5.248930844591789,3.95,2.8,3.95,4.5
9.2,8.6,2.1,1.5,1.7,1.1,1.1,0.5,5.008116188338701,0.0,3.7499999999999996,3.75,2.1499999999999995,3.75
7.7,8.4,1.6,2.8,1.8,2.0,1.2,1.1,0.0,1.4565291396350422,2.95,3.2,2.95,5.7
7.4,6.9,2.6,2.8,1.0,1.1,0.9,0.7,0.8394508237235141,0.0,3.2,2.9000000000000004,3.2,4.5
9.7,5.1,2.9,2.9,1.1,1.2,1.4,1.4,1.1695095961717483,0.0,4.3,1.9499999999999997,4.3,3.6499999999999995
9.0,5.5,1.4,1.1,1.3,1.7,1.4,1.1,1.5224574862277833,0.0,3.85,1.9,3.85,4.1
9.0,7.5,1.1,1.0,1.7,1.8,0.7,1.1,7.9,0.6223860905406171,3.65,2.85,2.45,2.85
7.7,8.2,2.0,1.9,1.0,1.6,1.1,0.6,3.5883406921500502,6.299999999999999,3.35,3.3,3.35,2.1999999999999997
5.8,7.7,2.2,1.4,1.2,1.3,1.4,1.4,1.2291573129342586,0.0,2.3,3.2,4.0,3.2
8.8,5.1,1.8,1.6,2.0,1.6,0.7,0.7,5.377185229748238,0.0,3.4000000000000004,1.7499999999999998,2.2,1.7499999999999998
9.2,5.5,2.1,1.3,1.0,1.1,1.5,1.3,4.299601940136687,0.0,4.1,2.2,4.1,0.40000000000000013
9.3,6.0,2.5,2.7,1.9,1.1,1.1,1.0,0.0,2.6782336325485496,3.7,2.45,3.7,0.9500000000000002
5.0,9.1,1.0,1.1,1.3,1.1,0.9,1.3,3.355120693128342,0.0,1.85,4.0,0.45000000000000007,4.0
9.4,5.2,1.8,1.3,1.5,1.2,0.6,1.4,0.0,2.508996611901058,3.95,2.0,2.85,2.0
8.9,7.0,2.3,1.9,1.3,1.2,1.4,1.3,0.0,3.890307115721554,3.8000000000000003,2.9,5.6000000000000005,2.9
5.3,7.4,2.0,2.4,1.2,1.2,1.2,1.1,2.1080493912758302,5.0,2.05,3.1,3.75,3.1
6.4,9.6,2.2,2.7,1.8,1.1,0.6,0.7,4.2,0.14057139534093482,2.3000000000000003,4.25,2.3000000000000003,3.05
7.6,7.6,1.9,1.4,1.7,1.3,0.7,1.1,5.661279587390683,6.199999999999999,2.9499999999999997,3.15,2.9499999999999997,4.95
7.5,5.7,1.0,2.0,1.4,1.1,1.1,1.3,0.0,0.8230974169023763,3.05,2.3,4.949999999999999,2.3
9.4,5.7,2.6,1.7,1.5,1.7,0.6,1.0,5.265814511821208,4.0,3.95,2.0,2.85,2.0
5.0,6.3,2.3,2.3,1.5,1.7,0.7,0.7,2.0548775791066807,0.0,1.75,2.3,1.75,1.0999999999999999
6.3,8.9,1.8,2.5,1.3,1.9,1.2,1.4,4.202559235435683,0.0,2.5,3.5,2.5,1.6
9.4,5.0,2.5,2.3,1.2,1.3,0.6,0.7,0.0,1.2924187911128628,4.1000000000000005,1.85,4.1000000000000005,0.6500000000000001
5.3,6.1,2.1,1.7,1.2,1.9,0.6,0.8,1.4206934629127586,0.0,2.05,2.0999999999999996,2.05,4.5
7.9,8.2,2.7,2.3,1.2,1.6,1.0,0.5,3.6536038847547445,5.8999999999999995,3.35,3.3,5.05,3.3
8.0,9.5,2.2,2.3,1.7,1.4,1.0,0.6,5.616894634802625,0.0,3.15,4.05,1.65,4.05
8.5,9.3,2.6,2.1,1.1,1.1,0.8,1.1,5.9,3.578099842665975,3.7,4.1000000000000005,5.300000000000001,4.1000000000000005
8.2,7.5,2.1,1.3,1.3,1.3,1.4,1.2,0.0,3.79175299870816,3.4499999999999997,3.1,1.5499999999999998,3.1
6.8,6.7,2.7,2.7,1.3,1.5,1.2,0.9,4.042328858567541,4.0,2.75,2.6,2.75,1.2000000000000002
7.7,5.7,1.1,2.4,2.0,1.3,1.4,0.9,4.807377039901488,3.3000000000000003,2.85,2.2,2.85,0.8000000000000003
6.7,6.2,1.5,2.2,1.5,2.0,0.7,0.7,0.0,3.271395229740695,2.6,2.1,4.6,2.1
7.9,6.7,2.8,1.7,1.7,1.2,1.4,1.0,0.0,4.117813059078922,3.1,2.75,1.2000000000000002,2.75
9.0,5.4,1.4,2.8,1.8,1.4,1.3,1.3,5.437574152323157,0.0,3.6,2.0,1.7999999999999998,2.0
6.5,7.6,2.6,1.4,1.9,1.6,0.6,0.6,3.7764164418540838,6.199999999999999,2.3,3.0,1.1999999999999997,3.0
